oov;kalimat_true;lain lain
lemdiklat;lembaga pendidikan dan pelatihan;
lahin;lahir;
tuanrakyat;tuan rakyat;
ganjarpekerjamigran;ganjar pekerja migran;
persokongkolan;persokongkolan;
chairman;ketua;
adsnya;iklan;
paraaaaahhhhh;parah;
tolakkoalisianesbasyir;tolak koalisi anies basyir;
effect;efek;
ciamis;ciamis;
nadiem;nadiem;
hoaks;bohong;
indonesiaemas;indonesia emas;
gemoynya;gemas;
carlos;carlos;
despite;meskipun;
mnangdebat;menang debat;
miss;tidak;
freind;teman;
kitankdye;kita dan dia;
zenius;jenius;
nyeleksi;memilih;
chaniago;chaniago;
jetika;ketika;
indonesiamaju;indonesia maju;
nailing;mengecat;
korantempo;koran tempo;
prabs;prabowo;
really;benar-benar;
masbowogbran;prabowo gibran;
dibw;dibawa;
realita;realitas;
loud;keras;
intansi;instansi;
omon;ngomong;
gopolitik;geopolitik;
sahroni;sahroni;
compared;dibandingkan;
bagibagi;sebarkan;
prescon;tidak diketahui;
ahmadyani;ahmad yani;nama orang
imin;imin;
inspiratif;inspiratif;
disanakalian;disana kalian;
mission;tugas;
beberin;berikan;
kanjnk;tidak diketahui;
papuamasya;papua;
aibon;lem;
faisal;faisal;
brin;badan riset negara;
methods;metode;
syaugi;syauqi;nama orang
tabaraqallah;tidak diketahui;
ngadi;mengada-ada;
location;lokasi;
iminamptiem;tidak diketahui;
stikptik;tidak diketahui;
politikgen;politik;
branding;merk;
pipapipa;pipa;
merobekrobek;merobek;
muzakirmanaf;muzakir manaf;nama orang
cooling;Pendinginan;
inshaalloh;semoga;
berpartispasi;partisipasi;
dissing;menghina;
lalalalala;tidak diketahui;
pembangunanjnke;pembangunan;
nerotumilena;tidak diketahui;
leimena;leimena;
desakslepetamin;desak slepet imin;
aith;tidak diketahui;
mengupload;unggah;
xavi;tidak diketahui;
nelayankeluar;nelayan keluar;
menkopolhukam;mentri komunikasi politik hukum keamanan;
award;penghargaan;
klopp;klop;
gaspol;gaspol;
stay;tetap;
tembakaudukung;tembakau dukung;
address;alamat;
design;desain;
qodari;qudari;nama orang
huge;besar;
dumai;dumai;
prove;bukti;
fiuh;tidak diketahui;
thukul;thukul;
gasssganjarmahfud;ayo ganjar mahfud;
jugakomunikasi;juga komunikasi;
mnddukung;mendukung;
menitihkan;menitahkan;
booster;penguat;
yoel;yoel;
tentaratentara;tentara;
danjen;danjen;
dkpp;dkpp;
basri;basri;nama orang
roadma;roadmap;
ngapain;mengapa;
abangtukangbakso;abang tukang bakso;
josep;josep;nama orang
ndasin;ndasin;
tanyak;bertanya;
buzzerr;buzzer;
dibatah;dibantah;
karenan;karena;
dipercayaganjarmahfudrebound;dipercaya ganjar mahfud rebound;
ayahbowo;prabowo;
kitaganjarpranowopilihanumat;kita ganjar pranowo pilihan umat;
food;makanan;
diminimlisir;diminimalisir;
square;persegi;
drumband;drum band;
faktasejarah;fakta sejarah;
driver;pemudi;
rakabuming;gibran;
manapunmantap;manapun mantap;
satyamevajayate;satya meva;nama orang
pddkn;tidak diketahui;
jaksel;jakarta selatan;
understanding;mengerti;
kemenhan;kementerian pertahanan;
landmark;landmark;
duid;uang;
selandia;selandia baru;
untukrakyat;untuk rakyat;
baby;bayi;
phdseharusnya;doktor seharusnya;
tone;tona;
adalahkita;adalah kita;
bolompapueng;tidak diketahui;
karawang;karawang;
solu;solo;
susilo;susilo;nama orang
tkm;tkn;
menjelekjelekkan;menjelekkan;
semuaorqcm;semua orang;
naudubilah;naudzubilah;
dihormatijnk;dihormati;
berkualitasjnk;berkualitas;
health;kesehatan;
bombay;bombay;
above;diatas;
perahuperahu;perahu;
jnkd;jnkjd;
berstatemen;ungkapan;
defensenya;pertahanannya;
critically;kritis;
bancaan;bancaan;
heta;peta;
calm;tenang;
perthahanan;pertahanan;
downganjarmahfud;down ganjar mahfud;
brooks;brooks;
harapanbangsa;harapan bangsa;
myuruh;menyuruh;
bicaran;bicara;
meanwhile;sementara;
ngewipe;menghapus;
bengkakbengkak;bengkak;
gresiklamongan;gresik lamongan;
rembug;pertemuan;
prasetyo;prasetyo;nama orang
arini;arini;nama orang
province;provinsi;
dosadosanya;dosa dosa;
bazaar;pasar;
dipaksakann;dipaksa;
aniesmuhaimins;anies muhaimin;
positifrjda;positif;
persetruan;perseteruan;
saudaraq;saudara;
pupukbibit;pupuk bibit;
pontianak;pontianak;
opinion;pendapat;
ganjarmembangunekonomi;ganjar membangun ekonomi;
suarasementara;suara sementara;
yuksemuapilih;yuk semua pilih;
miftah;miftah;
jokowipk;jokowipk;
estate;properti;
karanganyar;karanganyar;
prediksiulama;prediksi ulama;
disuapin;dibuang;
gibran;gibran;
nusatenggaratimur;nusa tenggara timur;
kartini;kartini;nama orang
nampaknya;sepertinya;
bebaskanjeratanhutang;bebaskan jeratan hutang;
canon;tidak diketahui;
pinjol;pinjaman online;
mdpranowopilihanumat;pranowo pilihan umat;
orias;tidak diketahui;
dhekritik;di kritik;
press;tekan;
marsudi;marsudi;nama orang
blundernya;kesalahannya;
dibattle;pertarungan;
gilagilaan;gila gila;
zamhari;zamhari;nama orang
bersungguhsungguh;serius;
jernihmemilih;jernih memilih;
menyenye;meledek;
freemason;freemason;
tidore;tidore;
discussion;diskusi;
hell;tidak;
pangandaran;pangandaran;
gayungsari;gayungsari;
matching;cocok;
lohbapak;bapak;
ppl;orang;
hehe;ketawa;
nyeleh;nyeleh;
kamanan;keamanan;
online;daring;
tanaya;tidak diketahui;
gunromli;tidak diketahui;
antarcapres;antar calon presiden;
independent;mandiri;
yatimpemimpin;yatim pemimpin;
sgi;state of global islamic economy;
every;setiap;
perempuanamp;perempuan;
akanakandan;akan;
cnbc;consumer news and bisnis channel;
diforward;diteruskan;
slankganjarmahfud;slank ganjar mahfud;
efisienganjarmahfudrebound;efisien ganjar mahfud rebound;
struick;tidak diketahui;
dilemparlempar;dilemparkan;
truck;truk;
home;rumah;
perform;menampilkan;
maruf;maruf;nama orang
ketidaksamaan;tidak sama;
ormasormas;organisasi masyarakat;
underbow;tidak diketahui;
sebanyakbanyaknya;sebanyak-banyaknya;
amnmenang;menang;
bersamasamajnk;bersama-sama;
janjipalsu;janji palsu;
standing;berdiri;
uneguneg;keluh kesah;
kominfo;komunikasi informasi;
boyolali;boyolali;
thailand;thailand;
rocky;rocky;nama orang
abahswedan;anies baswedan;
menoton;menonton;
pandampamungkas;tidak diketahui;
abahanies;anies;
trend;tren;
pttmi;pt tanjung mulia informatika;
disamaratalan;disamaratakan;
citacita;cita-cita;
ajeeee;saja;
dijelaain;dijelaskan;
asalbukan;asal bukan;
purwakarta;purwakarta;
masaak;masa;
putaranmenuju;putaran menuju;
bringing;membawa;
istruksi;perintah;
which;yang;
delete;hapus;
panjangseperti;panjang seperti;
sysy;tidak diketahui;
business;bisnis;
fikiranampmoralyuk;pikiran moral;
dimengertiganjarmahfudrebound;dimengerti ganjar mahfud rebound;
programprogram;program;
temantemanganjarmahfudrebound;teman teman ganjar mahfud rebound;
bangsajnke;bangsa;
estatenya;propertinya;
iminrocksdebate;imin debat hebat;
inilaj;ini;
neagarawan;negarawan;
bantuansosial;bantuan sosial;
goal;tujuan;
screenshot;screenshot;
wawacanda;wawancara;
besarbesaran;besar besar;
mandatganjarmahfud;mandat ganjar mahfud;
masbowogibran;prabowo gibran;
andre;andre;
mgr;mager;
disorotin;disoroti;
mnit;menit;
pettalolo;tidak diketahui;
nelatan;nelayan;
wtk;tidak diketahui;
farhati;farhati;nama orang
ganjaruptodat;ganjar up to date;
mdengan;dengan;
magio;magio;
elektonik;elektronik;
buttom;bawah;
dulujokowisekarangganjar;dulu jokowi sekarang ganjar;
bisaganjarmahfudrebound;bisa ganjar mahfud rebound;
neruin;meniru;
milenialdengan;millenial dengan;
khoirul;khoirul;nama orang
untukmelanjutkan;lanjutkan;
atikoh;atikoh;nama orang
amintolakikn;amin tolak ikn;
ternate;ternate;
allowed;diperbolehkan;
proksi;proksi;
klewer;klewer;
puanmaharani;puan maharani;
diataranya;di antaranya;
somad;somad;nama orang
daycare;penitipan;
nelayanlepashutang;nelayan melepas hutang;
psychological;psikologis;
mebangun;membangun;
tolakintoleransi;tolak intoleransi;
ganjartemanku;ganjar temanku;
error;rusak;
elektabilitas;popularitas;
arcaarca;arca;nama orang
suparna;suparna;nama orang
memed;memed;nama orang
colonized;kolonisasi;
leadership;kepemimpinan;
bykan;bukan;
hajatanrakyat;hajatan rakyat;
tamil;tamil;nama orang
pngalamanmu;pengalamanmu;
bharada;tidak diketahui;
berkomeptisi;berkompetisi;
hotelhotel;hotel;
petrus;petrus;nama orang
pangdam;panglima komando daerah militer;
jokuwi;jokowi;
desadesaganjarmahfudrebound;desa desa ganjar mahfud rebound;
streaming;streaming;
disampikan;disampaikan;
chosen;dipilih;
election;pemilihan;
baikganjarpranowopilihanumat;baik ganjar pranowo pilihan umat;
kolaborasitanpabatas;kolaborasi tanpa batas;
suroso;tidak diketahui;
ganjararomasemangat;ganjar aroma semangat;
nyataseperti;nyata seperti;
cilincing;cilincing;
kekuasaanya;kekuasaannya;
framing;bingkai;
menatamasadepan;menata masa depan;
benamkangemoyhargamati;benamkan gemoy harga mati;
pancen;pancen;
hack;peretasan;
simpulsimpul;simpul-simpul;
jalab;jalan;
template;template;
hadhrami;tidak diketahui;
masamasa;masa-masa;
diinjakinjak;diinjak-injak;
dsarnya;dasarnya;
warganupilihsiapa;warga nu pilih siapa;
ruth;tidak diketahui;
mancing;mancing;
soeharto;soeharto;nama orang
rising;naik;
nihganjarmahfudrebound;nih ganjar mahfud rebound;
khilafah;khilafah;
nguyen;nguyen;nama orang
kirdi;tidak diketahui;
antarprovinsi;antar-provinsi;
pulpres;pilih presiden;
caracara;cara-cara;
yudi;yudi;nama orang
yangterbaik;terbaik;
sgb;sgb;
semuajnk;semuanya;
bapakbapak;bapak-bapak;
minangkabo;minangkabau;
kkb;kelompok kriminal bersenjata;
keluargamiskinsarjana;keluarga miskin sarjana;
desaganjarmahfudrebound;desa ganjar mahfud rebound;
sendiriganjarpranowopilihanumat;sendiri ganjar pranowo pilihan umat;
sirkel;lingkaran;
salammetalganjarmahfud;salam metal ganjar mahfud;
sumarno;sumarno;nama orang
network;jaringan;
seruseruan;seru-seru;
alustita;alat utama sistem senjata;
bisnisjnb;bisnis;
omonomon;ngomong;
perempuanganjarpranowopranowopilihanumat;perempuan ganjar pranowo pilihan umat;
proxy;perwakilan;
bajer;buzzer;
wish;ingin;
ngelirik;melirik;
prbwdukungtimnas;dukung timnas;
genz;generasi;
aliyyah;aliyyah;nama orang
kosongduasatuputaran;kosong dua satu putaran;
radjiman;radjiman;nama orang
datangwarga;datang warga;
eitss;ehh;
nct;nct;
rakyatmau;rakyat mau;
terkendalimomen;terkendali momen;
eric;tidak diketahui;
asked;ditanyakan;
listyo;tidak diketahui;
left;kiri;
entrepreneur;pengusaha;
wita;cuaca;
genzmemilih;generasi z memilih;
lawanpenindasdemokrasi;lawan penindas demokrasi;
dihack;diretas;
deep;dalam;
gratisin;gratis;
sumudra;samudra;
last;terakhir;
nyataganjarmahfud;nyata ganjar mahfud;
metrotvxtend;metro tv extend;
panjenengan;anda;
cemana;bagaimana;
gibranbocilsongong;gibran bocil songong;
dunolaole;tidak diketahui;
pakistan;pakistan;
misioptimis;misi optimis;
publish;terbitkan;
masjidmasjid;masjid;
shock;kejutkan;
metia;media;
lukaluka;luka-luka;
relawanjokowi;relawan jokowi;
negarajnk;negara;
kuncinyajnkbf;kuncinya;
sensitivity;kepekaan;
iniyg;ini yang;
tasikmalaya;tasikmalaya;
daamm;tidak diketahui;
tpn;tpn;
suheru;tidak diketahui;
impactful;berdampak;
giovanni;tidak diketahui;
kajari;kejaksaan negeri;
didiskuslifikasi;diskusifikasi;
pelanggaranpelanggaran;pelanggaran;
btp;ahok;
sohee;tidak diketahui;
betasemen;betasemen;
asatidz;tidak diketahui;
seno;seno;nama orang
feminism;feminisme;
pilrpes;pilih presiden;
errr;tidak diketahui;
purbalingga;purbalingga;
chanel;channel;
macamyang;seperti;
danapesantrenamin;dana pesantren amin;
alusista;alat utama sistem senjata;
rempang;patah hati;
fx;tidak diketahui;
sesebalsebalnya;sebal;
best;terbaik;
siagian;siagian;
gerlamata;gerlamata;
brong;tidak diketahui;
over;selesai;
negaraganjarpranowopilihanumat;negara ganjar pranowo pilihan umat;
antirasuah;antikorupsi;
curut;curut;
ganjarpedulirakyat;ganjar peduli rakyat;
posyandu;posyandu;
tuntasin;selesai;
nelayanpetani;nelayan petani;
hatihati;hati-hati;
kerenganjarmahfudrebound;keren ganjar mahfud rebound;
adaah;adalah;
wkwk;ketawa;
ganjarhobiblusukan;ganjar hobi blusukan;
jnax;tidak diketahui;
desakaniesdesakprabowo;desak anies desak prabowo;
ditanggkap;ditangkap;
bawahtidak;bawah tidak;
hambalang;hambalang;
bumd;badan usaha milik daerah;
nomorpilihanku;nomor pilihanku;
boat;perahu;
representatives;perwakilan;
capresku;calon presiden;
uzbekistan;uzbekistan;
pranowomembawa;ganjar membawa;
intrnet;internet;
syaiful;syaiful;nama orang
walo;tidak diketahui;
bertanyatanya;bertanya-tanya;
sengklek;sengklek;
surabaya;surabaya;
dlanggar;dilanggar;
makansiangdansusugratis;makan siang dan susu gratis;
mardani;mardani;nama orang
cost;biaya;
kamim;tidak diketahui;
cakimindislepetkhofifah;imin dislepet khofifah;
disindirsindir;disindir-sindir;
obatobatan;obat-obatan;
detikdetik;detik;
hutabarat;hutabarat;
choco;coklat;
fadli;tidak diketahui;
lalutapi;laut api;
outbreak;wabah;
hours;jam;
instagram;instagram;
omagat;ya ampun;
dipublish;diterbitkan;
surakarta;surakarta;
temantemannya;teman-temannya;
bretika;beretika;
ngejelasin;menjelaskan;
posko;posko;
bonaparte;bonaparte;
sandiaga;sandiaga;
programsusugratis;program susu gratis;
kriteri;kriteria;
nelayanlepas;nelayan lepas;
cgi;cgi;
indonesiasentris;indonesia sentris;
goebbels;goebbels;
blora;blora;
post;posting;
pelangar;pelanggaran;
solokpadang;solo padang;
politica;politik;
respon;response;
jampang;jampang;
detiknews;detik news;
presidential;presiden;
mulyani;mulyani;nama orang
mardanidpr;mardani;nama orang
erick;erick;
cifp;tidak diketahui;
hitlerites;tidak diketahui;
darijabar;dari jawa barat;
ricky;rocky;nama orang
mojokin;menyudutkan;
blunderblunder;blunder;
supportnya;dukungannya;
pranowoganjarmahfudrebound;pranowo ganjar mahfud rebound;
private;pribadi;
taking;mengambil;
inipokoknya;ini pokoknya;
janjiuntukojol;janji untuk ojol;
laeku;temanku;
people;orang;
untukmasyarakat;untuk masyarakat;
intoleranterbantahkan;intoleran terbantahkan;
karbitan;instan;nama orang
sukarnohatta;soekarno hatta;
reflect;pantulkan;
state;kondisi;
majalengka;majalengka;
semenclamencle;berubah-ubah;
desakdesakan;tekanan;
benerbener;benar-benar;
terusrjnxkcc;terus;
ramerame;ramai;
nyebutnya;sebutnya;
sulawesiselatan;sulawesi selatan;
repost;repost;
ngeset;menyetel;
pemerinta;pemerintah;
generasigotongroyong;generasi gotong royong;
unhcr;unhcr;
ganjarlbihbaik;ganjar lebih baik;
untukpakbowo;untuk prabowo;
tanggerang;tangerang;
langkahlangkah;langkah-langkah;
berkeadilanjnk;berkeadilan;
ibuibu;ibu;
siapsiap;persiapan;
yoyakarta;yogyakarta;
lauw;tidak diketahui;
ancem;ancam;
alphard;alphard;
bolapenyatubangsa;sepakbola;
asysyifaa;asy-syifa;nama orang
gdainjakarta;tidak diketahui;
emergency;darurat;
dihitunghitung;dihitung-hitung;
jp;janji palsu;
kaderkader;kader-kader;
central;pusat;
berenschot;tidak diketahui;
gories;gories;
jejang;jenjang;
jokowidigantiganjar;jokowi diganti ganjar;
permalasahan;masalah;
komika;komikus;
facebook;facebook;
ubahbareng;berubah bersama;
baitulloh;baitullah;
healing;penyembuhan;
alamtp;tidak diketahui;
membabibuta;membabi buta;
aeon;zaman;
tegalega;tegallega;
lukistianto;lukistianto;
otopilot;autopilot;
aniesatkadin;anies at kadin;
terhadp;terhadap;
aniespemaaf;anies pemaaf;
satst;satset;
jnv;tidak diketahui;
abuya;abuya;nama orang
aquarium;aquarium;
terusmenerus;terus-menerus;
marketplace;pasar;
bedaheditorial;bedah editorial;
satukomando;satu komando;
jokowiganjarmahfudrebound;jokowi ganjar mahfud rebound;
hebata;hebat;
here;di sini;
recordnya;rekamannya;
praktekpraktek;praktik;
buzzer;buzzer;
kemensos;kementerian sosial;
tempobisnis;tempo bisnis;
menkeu;menteri keuangan;
bisamau;bisa;
coast;pantai;
luasss;luas;
melanggarnyajnk;melanggar;
sleman;sleman;
rhoma;romah;
diva;diva;
maqdis;al-maqdis;
samsul;samsul;
ipul;tidak diketahui;
tuhri;tidak diketahui;
outfit;pakaian;
grandpa;kakek;
ngosngosan;capek;
visions;visi;
milihpakbowo;pilih prabowo;
khoir;khoir;nama orang
dash;tire;
rohman;rohman;nama orang
adults;dewasa;
mdganjarpranowopilihanumat;ganjar mahfud pilihan umat;
pranowomahfud;ganjar mahfud;
mulyo;mulyo;nama orang
yespakbowo;yes prabowo;
berkebalibalikan;berkebalikan;
deserves;layak;
blunder;kesalahan;
well;baik;
poskota;pos kota;
aparheid;apartheid;
alesannya;alasannya;
nangisin;menyedihkan;
resfons;response;
morowali;morowali;
sosialdebat;debat sosial;
reveals;mengungkapkan;
pltu;pembangkit listrik tenaga uap;
among;di antara;
cobol;coblos;
recreate;revisi;
selamatjangan;selamat jangan;
retno;retno;
widjajantopa;widjajantopa;
racist;rasis;
beat;detak;
tempoquotes;tempo quotes;
gemoysian;gemoy;
ndul;tidak diketahui;
kirakira;kira-kira;
hdapi;hadapi;
meutya;meutya;nama orang
globalpada;global pada;
indonesialebihbaik;indonesia lebih baik;
kiaiulama;ulama;
asalbukanpelanggarham;asal bukan pelanggar hak asasi manusia;
muhaiminiskandar;muhaimin iskandar;
sulaiman;sulaiman;nama orang
realistias;realistis;
prabowosangperekat;prabowo sang perekat;
exponen;eksponen;
ciptaker;ciptakan;
chef;koki;
setengahmentang;setengah mentang;
hamaskekuatan;kekuatan hamas;
utkindonesia;untuk indonesia;
screencapture;tangkap layar;
forumforum;forum;
hafid;hafid;nama orang
ditangisin;ditangisi;
tanpaetik;tanpa etika;
kekuasaaannya;kekuasaannya;
kegiatankegiatan;kegiatan;
niesomonpalsu;niesomon palsu;
kepolisianterima;kepolisian terima;
teddy;teddy;nama orang
quite;cukup;
mengebugebu;menggebu-gebu;
berbedabeda;berbeda-beda;
bandunglautanamin;bandung lautan amin;
srimulat;srimulat;nama orang
mendingprabowo;mending prabowo;
environment;lingkungan;
topic;topik;
fasilitasfasilitas;fasilitas;
kudakuda;kuda-kuda;
harlah;hari lahir;
papers;kertas;
austin;austin;nama orang
class;kelas;
barengbareng;bersama-sama;
copy;salin;
marapi;merapi;
ketidaksukaanku;tidak disukai;
keluhankeluhan;keluhan;
diplomasiprogresif;diplomasi progresif;
heru;heru;
ruaaar;luar biasa;
politikny;politiknya;
arsyad;arsyad;nama orang
faskes;fasilitas kesehatan;
even;bahkan;
dukungamin;dukungan;
svt;svt;
admin;administrator;
otlet;outlet;
rsud;rumah sakit umum daerah;
jnc;jnc;
prabowoterpercayalawankorupsi;prabowo percaya lawan korupsi;
rumahrumah;rumah-rumah;
negerikalau;negeri kalau;
protests;demonstrasi;
icw;icw;
tionghoa;tionghoa;
hotlineparisamin;hotline paris amin;
youre;kamu;
armando;armando;nama orang
yakinin;yakinkan;
nazarpemilu;nazar pemilu;
ebudgeting;anggaran;
tindakantindakan;tindakan;
chill;tenang;
tempocekfakta;tempo cek fakta;
pejabatpilih;pejabat pilih;
dibkandangin;dikandangkan;
bozzz;bos;
rosiade;rosiade;
salingjaga;saling jaga;
pangkalima;panglima;
cipinang;cipinang;
baikmungkin;baik;
locker;lemari;
bantul;bantu;
satusatunya;satupun;
terpilihdia;terpilih dia;
critics;kritikus;
aminpeduliguru;amin peduli guru;
welfare;kesejahteraan;
berturutturut;berturut-turut;
bingannya;bingungnya;
terusjnkdt;tidak diketahui;
lontre;lotere;
aniestoleran;anies toleransi;
perspective;perspektif;
copotpengerahan;copot pengerahan;
kinerjakinerjanya;kinerja;
disetting;diatur;
indonesias;indonesia;
nginceng;mengincar;
semalamtujuannya;semalam tujuannya;
seliwrun;seliweran;
disabilitas;disabilitas;
revival;pemulihan;
side;sisi;
pantss;pantas;
pemiluserentak;pemilihan umum serentak;
iskandar;iskandar;nama orang
terzholimi;terzalimi;
ganjarpedulipekerjamigran;ganjar peduli pekerja migran;
procedural;prosedural;
jenderaljenderalnya;jenderal;
berbuatbaik;berbuat baik;
menangkanhatirakyat;menangkan hati rakyat;
calegdprdbelu;calon legislatif dewan perwakilan rakyat daerah;
pencapaianpencapaian;pencapaian;
hater;penghina;
bukittinggi;bukittinggi;
menangsatuputaran;menang satu putaran;
negative;negatif;
metrotvnews;metro tv news;
message;pesan;
udaraanies;udara anies;
proporsionalitasefektivitas;proporsionalitas efektivitas;
mahmudiyyah;mahmudiyyah;
band;kelompok;
joged;menarik;
kebenaranpastimenang;kebenaran pasti menang;
arie;arie;
karyawannya;pegawai;
nyangkal;menyangkal;
ganjarmahfud;ganjar mahfud;
coblosnomor;pilih nomor;
pelangaran;pelanggaran;
humprey;tidak diketahui;
wargaganjarpranowopilihanumat;warga ganjar pranowo pilihan umat;
prabowoganjar;prabowo ganjar;
bekutik;bekutik;
kkn;kuliah kerja nyata;
kebtuhan;kebutuhan;
ardiningrum;ardiningrum;
palestine;palestina;
viralbone;tidak diketahui;
green;hijau;
conveying;mengkomunikasikan;
menjadiairminum;menjadi air minum;
spot;spot;
rachmat;rahmat;nama orang
aniess;anies;
prapilkada;pemilihan;
blusukannya;blusukannya;
purworejo;purworejo;
nenang;tenang;
fattah;fatah;nama orang
game;permainan;
swafoto;selfie;
temposeleb;tempo seleb;
ngolok;mencaci;
time;waktu;
smith;tidak diketahui;
slump;turun;
java;jawa;
deliver;antarkan;
yonif;infantri;
kopassus;komando pasukan khusus;
ngungkapin;mengungkapkan;
probadi;pribadi;
purwokerto;purwokerto;
diukurukur;diukur-ukur;
value;nilai;
korupsiganjarpranowopranowopilihanumat;korupsi ganjar pranowo pilihan umat;
etikabis;etika habis;
muzakir;muzakir;
sobar;sobar;
pranowoganjarpranowopilihanumat;pranowo ganjar pranowo pilihan umat;
defense;pertahanan;
ielts;ielts;
pramono;pramono;nama orang
gerindra;gerindra;
only;hanya;
ayahbowogbran;prabowo gibran;
semarang;semarang;
effendi;effendi;nama orang
viewer;penonton;
journalists;wartawan;
optimalganjarmahfudrebound;optimal ganjar mahfud rebound;
meletupletup;meletup-letup;
takedownnya;penyitaannya;
gaizz;gais;
buzzers;buzer;
voter;pemilih;
seakanakan;sepertinya;
aida;aida;
bersembunyijnk;bersembunyi;
inna;inna;
yukbalikfokuspemilu;yuk balik fokus pemilu;
ngentasin;menuntaskan;
persija;jakarta;
fuji;tidak diketahui;
humanity;kemanusiaan;
nasution;nasution;nama orang
lgbt;lgbt;
usiamakin;usia semakin;
legowo;bebas;
citarum;citarum;
pelosokpelosok;pelosok;
trolling;permainan;
rebranding;penyegaran merek;
wwiii;wwiii;
nendang;menendang;
lack;kekurangan;
netizengansta;netizen;
alone;sendiri;
york;york;
armaments;senjata;
ekuador;ekuador;
tirto;tirto;
negarawansejati;negarawan sejati;
enjoy;nikmati;
kind;baik;
party;pesta;
members;anggota;
bohir;bohir;nama orang
dipikirpikir;dipikirkan;
treshold;tidak diketahui;
krusuhan;kerusuhan;
ganjarpembela;ganjar pembela;
mengadaada;mengada-ada;
when;kapan;
penduking;pendukung;
cont;tidak diketahui;
nyataganjarmahfudrebound;nyata ganjar mahfud;
pakehati;pakai hati;
kepercyaan;kepercayaan;
bulyapakah;buli apakah;
hpi;himpunan penerjemah indonesia;
kolaboratif;kolaboratif;
concept;konsep;
hawk;elang;
dayakjugaganjar;dayak juga ganjar;
bersihbersih;pembersihan;
doxxing;pengungkapan;
blasur;belasar;
dsa;tidak diketahui;
attacknya;serangan;
ivdipenogoro;tidak diketahui;
jnkpdibd;tidak diketahui;
mngatakan;mengatakan;
blimbingsari;blimbing sari;
giant;raksasa;
santriuntuknegeri;santri untuk negeri;
dimedsos;media sosial;
ganjarsandiseliwerun;ganjar sandi seliweran;
fitur;fitur;
debatcawapres;debat calon wakil presiden;
gasetuju;tidak setuju;
molded;dibentuk;
apakatatempo;apa kata tempo;
juwono;juwono;nama orang
legend;legenda;
pndpt;pendapat;
aminsatukanindonesia;amin satukan indonesia;
harapanpertanian;harapan pertanian;
lpsk;lpsk;
mahfudlebihbaik;mahfud lebih baik;
daily;harian;
banwaslusoal;badan pengawas pemilihan umum;
ysj;ysj;
ajeyg;aja yang;
lloyd;tidak diketahui;
pstinya;pastinya;
catatandemokrasi;catatan demokrasi;
yusuf;yusuf;
mendukungtidak;mendukung;
korupsidiindonesia;korupsi;
newsupdate;perbaruiannya;
kemasankemasan;kemasan;
whole;seluruh;
ngawang;asal-asalan;
indonesiahijau;indonesia hijau;
siniganjarmahfudrebound;sini ganjar mahfud rebound;
cendikiawan;penggemar;
pelanggaranganjarpranowopilihanumat;pelanggaran ganjar pranowo pilihan umat;
aminajadulu;amin saja dulu;
pihakganjarmahfudrebound;pihak ganjar mahfud rebound;
rembuganjar;rembu ganjar;
annoying;mengganggu;
solving;memecahkan;
harimurti;harimurti;nama orang
sappo;tidak diketahui;
hensat;tidak diketahui;
their;mereka;
match;pertandingan;
text;tulisan;
adilganjarmahfudrebound;adil ganjar mahfud rebound;
arief;tidak diketahui;
hardnews;berita;
ideaspropositions;ideas proportions;
founder;pendiri;
jabartetapuntuk;jawa barat tetap untuk;
rengasdengklok;rengasdengklok;
umrik;tidak diketahui;
follow;ikuti;
brooomasa;tidak diketahui;
hijaubiru;hijau biru;
asalbukanprabowogibran;asal bukan prabowo gibran;
dilindungiganjarhakasasi;dilindungi ganjar hak asasi;
kntong;kantong;
disabilitasnya;disabilitas;
sarbini;tidak diketahui;
kenuan;ketuaan;
country;negara;
educated;terdidik;
siapasiapa;siapa;
slepetimin;slepet imin;
years;tahun;
alhamdulillahbaru;alhamdulillah;
soemarno;soekarno;nama orang
diilaporin;dilaporkan;
debatcapres;debat calon presiden;
candidate;kandidat;
hubner;tidak diketahui;
challenging;menantang;
antiprabowo;anti prabowo;
istighosah;istighosah;
fairness;keadilan;
diplomatic;diplomatik;
menyebubkan;menyebabkan;
israel;israel;
dispatch;tidak diketahui;mengirimkan
prinsipprinsip;prinsip;
wilson;wilson;nama orang
experience;pengalaman;
kebijaka;kebijakan;
technokrat;teknokrat;
sick;sakit;
garum;tidak diketahui;
karanggayam;karang ayam;
tolakberkuasa;tolak berkuasa;
satset;satset;
bozz;bos;
sides;sisi;
muhamadiyah;muhamadiyah;
should;seharusnya;
hatipakbowo;hati prabowo;
mensupport;mendukung;
soekarno;soekarno;
lakilaki;pria;
burger;hamburger;
lahadalia;tidak diketahui;
mangkoso;mangkoso;nama orang
dawn;fajar;
kpubawaslukacungrezim;komisi pemilihan umum badan pengawas pemilu acung rezim;
together;bersama;
masyarakatditujukan;masyarakat ditujukan;
pranowo;pranowo;
pastikanvisi;pastikan visi;
chotimah;chotimah;nama orang
diwakilin;diwakili;
facts;fakta;
kebijakannyaqqbxa;kebijakan;
matta;tidak diketahui;
direspon;direspon;
give;berikan;
masmas;mas-mas;
cq;tidak diketahui;
terlindungiganjarpranowopilihanumat;terlindungi ganjar pranowo pilihan umat;
activists;aktivis;
welcome;selamat;
beking;penjagaan;
brian;brian;
bahlul;bahlul;nama orang
betulbetul;benar-benar;
abud;abud;
pejabatpejabat;pejabat;
dihukumjnk;dihukum;
sumk;tidak diketahui;
launch;peluncuran;
defences;pertahanan;
korea;korea;
nahdliyyin;nahdliyyin;
sholawatan;sholawatan;
figure;gambar;
kingdom;kerajaan;
selaluganjarmahfudrebound;selalu ganjar mahfud rebound;
disleman;sleman;
luhut;luhut;nama orang
rakyatjnke;rakyat;
antidemokrasi;tidak demokratis;
kawendra;tidak diketahui;
ribet;rumit;
care;perawatan;
sudjatmiko;sudjatmiko;nama orang
buzerr;buzzer;
after;setelah;
fishing;memancing;
benefitnya;manfaatnya;
terinjakinjak;terinjak-injak;
chaos;kacau;
partisipatif;partisipatif;
memukulmukul;memukul;
baikorqbi;tidak diketahui;
ridhorahmadi;ridho rahmadi;nama orang
cawaprescapres;calon wakil presiden calon presiden;
habiburokhman;habiburokhman;nama orang
ganjarkeadilan;ganjar keadilan;
panganjnk;pangan;
bisabisanya;sebisa-bisanya;
exciting;menarik;
jawabktika;jawab kita;
modalkagak;tidak;
humble;rendah hati;
ganjarmnangdbat;ganjar menang debat;
cpres;calon presiden;
ganjarsikatkorupsi;ganjar sikat korupsi;
ganjarpeduli;ganjar peduli;
kasihanin;kasihan;
halasan;halasan;
amran;amran;nama orang
omnibuslawha;hukum;
sincerely;tulus;
alunalun;alun-alun;
khofifah;khofifah;nama orang
ndx;tidak diketahui;
powerkalian;power kalian;
prabowojokowi;prabowo jokowi;
hearing;mendengar;
diantra;diantara;
bahrawi;bahrawi;nama orang
idn;indonesia;
jqdi;jadi;
criminal;kriminal;
guard;penjaga;
ulti;ulti;
krini;MK;
mobile;ponsel;
baiiiiik;baik;
baeklah;baiklah;
such;tidak;
mkmk;tidak diketahui;
panic;panik;
iupnya;tidak diketahui;
terpenuhikebutuhan;terpenuhinya kebutuhan;
acaraacara;acara;
gpmmd;ganjar mahfud;
sputar;seputar;
bersamajagadmokrasi;bersama jaga demokrasi;
watch;tonton;
iyaternyata;iya ternyata;
dibilan;dibilang;
progam;program;
impikam;tidak diketahui;
caffe;kopi;
mensupply;mengirimkan;
mahfudtastes;mahfud satset;
standout;istimewa;
beritau;beritahu;
afrika;afrika;
khawarij;khawarij;
didzolimi;didzolimi;
that;itu;
original;original;
ruteng;tidak diketahui;
enjadi;jadi;
anakmudaindonesiaemas;anak muda indonesia emas;
protect;lindungi;
ganjarperlindungan;ganjar perlindungan;
kebingunan;bingung;
batam;batam;
coming;datang;
wiranto;wiranto;nama orang
instead;sebaliknya;
torang;kami;
emotional;emosional;
blue;biru;
sumpahmasih;sumpah masih;
pilihganjarnkriunggul;pilih ganjar indonesia unggul;
edhy;tidak diketahui;nama orang
australia;australia;
were;were;
smelter;peleburan;
dealan;bersepakat;
cerdasseperti;cerdas seperti;
fair;adil;
cawapresmu;calon wakil presiden;
sendiriganjarmahfudrebound;sendiri ganjar mahfud rebound;
airganjarpranowopilihanumat;air ganjar pranowo pilihan umat;
viewsnya;tayangan;
geloramenang;gelora menang;
force;paksaan;
dufan;dunia-fantasi;
charta;charta;
those;itu;
nine;sembilan;
suciwati;suciwati;nama orang
ngebebek;berenang;
tipistipis;sedikit-sedikit;
jedah;istirahat;
viraldi;tidak diketahui;
bacapres;bakal calon presiden;
pakanies;anies;
menkopulhukam;menteri koordinator politik hukum keamanan;
ketenanganpetani;ketenangan petani;
kitlv;tidak diketahui;
msaalh;masalah;
ganjarsatset;ganjar satset;
ditakutin;ditakutkan;
tapanuli;tapanuli;
concerned;khawatir;
tkd;tidak;
declare;deklarasi;
happy;bahagia;
ganjarpranowopranowopilihanumat;ganjar pranowo pilihan umat;
sitinjau;sitinjau;
nyebokin;mengganggu;
presidensnnqbe;presiden;
password;kata sandi;
kompastv;kompas tv;
jerataan;jeratan;
mdpdibd;tidak diketahui;
jabarnolduayes;jawa barat nol dua;
bisnisbisnisnya;bisnisnya;
prabowodia;prabowo dia;
dark;gelap;
kanankiri;kanan kiri;
robbal;tidak diketahui;
equal;sama;
identtas;identitas;
menyebututangyang;menyebut hutang yang;
ganjarmahfudu;ganjar mahfud;
pdb;pdb;
question;pertanyaan;
nyaapalgi;apalagi;
chico;tidak diketahui;
loan;pinjaman;
orangbaiktidakpilihpenculik;orang baik tidak pilih penculik;
ampsenyum;dan senyum;
untukindonesia;untuk indonesia;
jordania;yordania;
bsip;tidak diketahui;
semangatbarisanrfg;semangat barisan;
silent;sunyi;
prabowoseperti;prabowo seperti;
soldiers;tentara;
believe;percaya;
audiens;penonton;
ppp;ppp;
airlangga;airlangga;nama orang
request;permintaan;
tkrpp;tidak diketahui;
hacker;peretas;
alaydrus;alaydrus;nama orang
extended;fanhari;
prajuritbhayangkara;prajurit;
fanhari;fanhari;nama orang
lagilagi;lagi;
ganjarmahfudmnang;ganjar mahfud menang;
daebak;luar biasa;
bully;perundungan;
rounder;bulat;
turn;putar;
neoliberal;neoliberal;
refurbishment;pembaruan;
dibuntutin;ditagih;
manfaatmisalnya;manfaatnya;
tomgkang;tidak diketahui;
dkpdewan;tidak diketahui;
change;ubah;
politikpemerintahan;politik pemerintahan;
dita;dita;nama orang
rasarasanya;rasa-rasanya;
ceunah;katanya;
growth;pertumbuhan;
jelaskn;jelaskan;
join;gabung;
jokowiapa;jokowi apa;
javasentris;sentris jawa;
tanyash;tidak diketahui;
training;pelatihan;
pemb;pembangunan;
jokowigibran;jokowi gibran;
capt;kapten;
latent;laten;
kinidia;tidak diketahui;
adiljangan;adil jangan;
doktorandes;doktorandes;
fact;fakta;
kongkrit;konkret;
tppo;tidak diketahui;
rahakundini;tidak diketahui;
ganjarpranowopilihanumat;ganjar pranowo pilihan umat;
simpelganjarmahfudrebound;simpel ganjar mahfud rebound;
mantapjna;mantap;
bobroknyakemenhan;jatuhnya kementerian pertahanan;
wajahpemimpin;wajah pemimpin;
definetely;tentu;
part;bagian;
raport;rapor;
rate;tarif;
misipemimpinvisioner;misi pemimpin visioner;
arsjadrasjid;tidak diketahui;
jnab;tidak diketahui;
tementemen;teman-teman;
epat;tujuh;
melet;meket;
trust;percaya;
dbd;dbd;
inidgn;ini dengan;
lembong;lembong;nama orang
raider;pemburu;
endonesia;indonesia;
dihighlight;dipertajam;
coveragenya;cakupannya;
perushaan;perusahaan;
netizengan;netizen;
roadmad;roadmap;
pndidikan;pendidikan;
yupsss;tidak diketahui;
edge;tepi;
tempometro;termometer;
jurkamnya;juru kamera nya;
convoy;konvoi;
mangkuningrat;tidak diketahui;
postingan;postingan;
ginongs;tidak diketahui;
baikdngn;baik dengan;
gerindragolkarpkbpkspan;gerindra golkar pkb pks pan;
tried;coba;
mengupgrade;memperbarui;
bertahuntahun;bertahun-tahun;
says;katakan;
christmas;natal;
masji;masjid;
aniesimin;anies imin;
wef;tidak diketahui;
ssttt;tidak diketahui;
negarakenapa;negara kenapa;
zamanjnk;zaman;
romanticizing;romantisasi;
fatia;tidak diketahui;
febketps;tidak diketahui;
skill;keterampilan;
bangsaganjarpranowopilihanumat;bangsa ganjar pranowo pilihan umat;
iykiyk;tidak diketahui;
always;selalu;
blak;tidak diketahui;
ahok;ahok;nama orang
obiwan;tidak diketahui;
aminmenangputaran;amien menang putaran;
kronikroninya;kroni-kroninya;
supriyanti;supriyanti;supriyanti
mangrove;mangrove;
prabowo;prabowo;
mentalganjarmahfudrebound;mental ganjar mahfud rebound;
thread;benang;
mudanu;tidak diketahui;
investorganjarmahfudrebound;investor ganjar mahfud;
okoh;tidak diketahui;
couple;pasangan;
nurul;tidak diketahui;nama orang
udahpasti;sudah pasti;
uringuringan;uring-uringan;
sitomorang;situmorang;
jiranemng;tidak diketahui;
water;air;
sungguhsungguh;sungguh-sungguh;
hingarbingar;keramaian;
berlesahan;berlesahan;
anon;anon;
agromaritim;agromaritim;
background;latar;
shaming;malu;
baswedancak;baswedan;
banyakygbalikke;banyak yang balik;
sgp;singapura;
attacked;diserang;
tukangbakso;penjual;
bsalah;salah;
paslonwajibdidiskualifikasi;pasangan calon wajib didiskualifikasi;
dkj;dewan kesenian jakarta;
bolobojonegoro;bolo bojonegoro;
desakaniesambon;desak anies ambon;
future;masa depan;
buktibuktinya;bukti-bukti;
wellprepared;siap;
serangancontohnya;tidak diketahui;
brsatu;bersatu;
ketidakjelasan;ketidakjelasan;
abw;tidak diketahui;
plts;plts;
digadanggadang;digadang-gadang;
buggeting;anggaran;
sks;tidak diketahui;
dedynurpalakka;tidak diketahui;nama orang
sibr;tidak diketahui;
google;mesin pencari;
twk;tidak diketahui;
clear;jelas;
berhektarhektar;luas;
kalimantanselatan;kalimantan selatan;
konomi;ekonomi;
mahfudmd;mahfud md;
jaua;tidak diketahui;
dehumanizing;menyakiti;
shopee;shopee;
rare;langka;
gnjarjkwpalsu;ganjar jokowi palsu;
carbon;karbon;
bersamaganjarmahfudrebound;bersama ganjar mahfud rebound;
hotman;tidak diketahui;hotman
majuganjarmahfud;maju ganjar mahfud;
hercules;tidak diketahui;hercules
south;selatan;
nasihatnasihat;nasihat;
yogja;yogyakarta;
sekarangkarena;sekarang karena;
titan;titan;
park;taman;
whatsapp;wa;
jernihkanharapan;jernihkan harapan;
genzi;gen z;
simon;tidak diketahui;simon
yeeaaa;ya;
prabowogibranmenang;prabowo gibran menang;
susenas;survei sosial ekonomi nasional;
yesini;tidak diketahui;
saiful;tidak diketahui;nama orang
atthoillah;tidak diketahui;nama orang
makes;membuat;
pecatin;pecatin;
prabowopancasilais;prabowo pancasila;
psnsepanjang;tidak diketahui;
kampungkampung;desa-desa;
katro;katro;
mengetroll;mengganggu;
frame;bingkai;
mencaricari;mencari;
indo;indonesia;
sigare;rokok;
cringe;menyakitkan;
prosesproses;proses;
prabroro;prabowo;
azis;tidak diketahui;nama orang
indonesiakuatindonesiamaju;indonesia kuat indonesia maju;
sbgmn;sebagaimana;
undangundangnya;peraturannya;
worth;nilai;
akhirakhir;akhir-akhir;
nasbi;tidak diketahui;nama orang
investorfriendly;investor ramah;
dihalanghalangi;dihambat;
munandar;munandar;nama orang
miners;pertambangan;
combo;kombinasi;
jerman;jerman;
multiple;multiple;
sujatmiko;sujatmiko;nama orang
akatip;tidak diketahui;
nasonal;nasional;
memliki;memiliki;
cokkkkkk;tidak diketahui;
tvonenews;tidak diketahui;
bjir;tidak diketahui;
abal;abal;
irianatetapibunegara;iriana tetap ibu negara;
eraeraanakmuda;era-era anak muda;
exaniesers;tidak diketahui;
dapilnya;dapilnya;
selawase;selawase;
mengclearkan;membersihkan;
rudiantara;rudiantara;nama orang
show;tampilkan;
memenamgkan;menangkan;
nilaipas;nilai pas;
kwik;tidak diketahui;
uniting;menggabungkan;
tempothread;tidak diketahui;
news;berita;
behind;belakang;
breng;tidak diketahui;
counter;counter;
mahufd;mahfud;
republika;republik;
jogjakarta;yogya;
toxic;beracun;
straightforwardganjarmahfudrebound;straight forward ganjar mahfud reborn;
ngebangun;membangun;
pemilupedia;pemilu pedia;
gambarikon;ikon;
satyam;tidak diketahui;
beretikaini;tidak diketahui;
mocked;ditertawakan;
aslinyamana;asli mana;
putaranrelawan;putaran relawan;
pragib;prabowo gibran;
ketidakpercayaan;tidak percaya;
presented;ditampilkan;
common;umum;
memabngun;membangun;
theyve;mereka;
zuhri;zuhri;nama orang
perubahanganjarmahfudrebound;perubahan ganjar mahfud rebound;
cibadak;cibadak;
ovation;ovation;
youtube;youtube;
detikbali;tidak diketahui;
kamiadadisini;kami ada disini;
devy;tidak diketahui;
samarinda;samarinda;
antonie;tidak diketahui;
aside;selain;
sumarsih;tidak diketahui;
slow;lambat;
usungsalah;tidak diketahui;
ndas;tindas;
faced;hadapi;
atiqoh;tidak diketahui;
manggarai;manggarai;
check;cek;
reply;membalas;
wulandari;tidak diketahui;
cendrung;cenderung;
cnn;tidak diketahui;
untungpakbowobijak;untung prabowo bijak;
rock;batu;
being;jadi;
satsetlebihbaik;satset lebih baik;
jompu;tidak diketahui;
kirabkebangsaan;kebangsaan;
berac;beras;
lainy;lainnya;
competition;kompetisi;
widodo;widodo;
multiverse;multiverse;
balance;keseimbangan;
door;pintu;
opresi;tekanan;
katakata;kata-kata;
drratio;tidak diketahui;
plin;tidak diketahui;
terlebay;terlebay;
lord;tuhan;
acho;tidak diketahui;
laintentang;lain tentang;
foodestate;foodestate;
schoolnya;sekolahnya;
dgaf;tidak diketahui;
cekfakta;cek fakta;
takeanieslookatjakarta;tidak diketahui;
bantualamganjar;bantu alam ganjar;
abbcbb;tidak diketahui;
majuysncn;tidak diketahui;
disupport;didukung;
rabbal;rabbal;
seninjumat;senin jumat;
diktaktor;diktaktor;
international;internasional;
prabowolah;prabowo lah;
nyeberang;meneroka;
mentrigubernur;menteri gubernur;
bakrie;tidak diketahui;nama orang
clue;petunjuk;
mujib;tidak diketahui;nama orang
barng;barang;
grativikasi;gratifikasi;
point;titik;
kekuatannkri;kekuatan negara indonesia;
shearer;pemotong;
prabowogibranmenangsatuputaran;prabowo gibran menang satu putaran;
wtp;tidak diketahui;
bewara;hati-hati;
ketidaksetaraan;tidak sama;
pelanggaranetik;pelanggaran etik;
pasllon;pasangan calon;
ratarata;rerata;
adrianaluan;tidak diketahui;
dahnil;tidak diketahui;
ngakalin;menghindari;
tvonetvpemilu;tidak diketahui;
aniesdeservebetter;anies deserve better;
questions;pertanyaan;
thomaslembong;thomas lembong;
baswedanmuhaimin;baswedan muhaimin;
toefl;toefl;
absence;absen;
andrinof;tidak diketahui;nama orang
calling;menelepon;
kampungbayam;kampung bayam;
nelayanbantuankasih;nelayan bantuan kasih;
namirul;tidak diketahui;nama orang
wijayanto;wijayanto;namaorang
fiasco;kegagalan;
perencanaanya;perencanaan;
partainasdem;partai nasdem;
detikcom;tidak diketahui;
solutif;solusif;
ngelibatin;menghibur;
scary;menyeramkan;
prabowonya;prabowonya;
bonusdemografi;bonus demografi;
gambargambar;gambar;
maruar;tidak diketahui;
pearls;mutiara;
babinsa;anggota;
rusia;rusia;
agunromli;tidak diketahui;
diwantiwanti;diwanti-wanti;
itejnk;tidak diketahui;
jakartabandung;jakarta bandung;
bram;tidak diketahui;
yeye;tidak diketahui;
dicatet;diketahui;
player;pemain;
haley;tidak diketahui;
prabowopun;prabowo pun;
ubanbukanpakde;tidak diketahui;
lemhanas;lembaga pertahanan nasional;
dhuafa;dhuafa;
lanjutgansemuamurah;lanjutkan semua murah;
megapro;tidak diketahui;
wifi;wifi;
owl;tidak diketahui;
wolfenstein;tidak diketahui;
asyghil;tidak diketahui;
henusa;tidak diketahui;
aniesbaswedan;anies baswedan;
full;penuh;
bismillahirrahmanirrahim;tidak diketahui;nama orang
nelayanpelampiasanganjarpranowopilihanumat;nelayan pelampiasan ganjar pranowo pilihan umat;
bisnisupdate;perbaruiannya;
nirina;tidak diketahui;nama orang
relawanbojonegoro;relawan;
bustami;tidak diketahui;
beritaviral;berita viral;
amnkeun;amankan;
connie;tidak diketahui;nama orang
mukidi;tidak diketahui;nama orang
wejanganya;tidak diketahui;
kenyataanganjarmahfud;kenyataan ganjar mahfud;
mnginspirasi;menginspirasi;
membludakyuk;membludak;
draft;rancangan;
india;india;
kristiyanto;kristiyanto;nama orang
smpi;sempit;
aniesfpi;anies fpi;
reachable;dapat dicapai;
klynews;tidak diketahui;
cimala;cimala;
cuan;keuntungan;
hadhramaut;tidak diketahui;
mengetahuiganjar;mengetahui ganjar;
ngumumin;mengumumkan;
temanganjar;teman ganjar;
difahami;dipahami;
hhmmm;tidak diketahui;
slank;tidak diketahui;
politikbsemakin;politik semakin;
kampuskampus;kampus-kampus;
mohmahfudmd;mafhud md;
kalla;kalla;nama orang
pitaloka;pitaloka;
diframing;di framing;
cupsleeve;tidak diketahui;
inklusifkolaboratif;inklusif kolaboratif;
responsifjnke;responsif;
buatbuat;membuat;
nikki;tidak diketahui;
harmless;tidak berbahaya;
tindaktanduknya;tindak-tanduknya;
istirhat;istirahat;
berkalikali;berkali-kali;
tarigan;tarigan;nama orang
mochtar;mochtar;nama orang
milihtulusnya;memilih;
mahfudganjarmahfud;ganjar mahfud;
ngkan;tidak diketahui;
wakanda;indonesia;
moskow;moskow;
kpopified;kpop;
programganjarmahfudrebound;program ganjar mahfud rebound;
bantunelayan;bantuan nelayan;
export;ekspor;
selukbeluknyaganjarmahfud;seluk beluk ganjar mahfud;
nies;anies;nama orang
nation;negara;
weak;lemah;
wealth;kesejahteraan;
nakutnakuti;menakutkan;
maksimaltuh;maksimum;
benarsalah;benar salah;
indonesiaunggul;indonesia unggul;
antony;tidak diketahui;nama orang
pencawapresan;calon wakil presiden;
srh;suruh;
halu;halo;
plangaplongo;planga-plongo;
tnibener;tni bener;
indonesiasuperpowerbaru;indonesia super power baru;
bless;berkati;
misleading;menyesatkan;
bersamaindonesiamaju;bersama indonesia maju;
leiden;leiden;
horasss;horas;
reading;membaca;
calegcaleg;calon legislatif;
aniesganjar;anies ganjar;
glenny;glenny;nama orang
neriakin;memanggil;
ario;tidak diketahui;nama orang
sumbr;sumber;
kafirr;kafir;
jauuuuuhhh;jauh;
pemilumemilukan;pemilihan umum memilukan;
nauzubillah;naudzubillah;
waktunyamilih;waktu memilih;
diceraiin;diceraikan;
berfihak;berpihak;
return;kembali;
free;gratis;
terbanyakdan;terbanyak;
kelarkelar;selesai;
austalia;australia;
dehnga;dengan;
buffering;menunggu;
emil;emil;nama orang
jarul;jalur;
keseimpulan;kesimpulan;
aryo;aryo;nama orang
offer;tawaran;
sikorsksy;tidak diketahui;
timsesnya;tim sukses;
pakaipolitik;pakai politik;
terbendungluar;terbendung luar;
bpb;bpb;
stunting;pendek;
jaaauuhhh;jauh;
taken;diambil;
banten;banten;
fee;biaya;
aniescak;anies cak imin;
kpuri;kpu ri;
pilpresindonesia;pemilihan presiden indonesia;
role;peran;
listening;mendengarkan;
nelayanadil;nelayan adil;
waktunyaprabowo;waktunya prabowo;
jnb;tidak diketahui;
laluganjarmahfudrebound;tidak diketahui;
keputusankeputusanmu;keputusanmu;
palti;tidak diketahui;
wirrrrr;tidak diketahui;
fery;fery;nama orang
changer;pengganti;
kairupan;kairupan;nama orang
goodjob;baik;
definitely;tentu;
najwa;najwa;
migranganjarharapan;tidak diketahui;
expected;diharapkan;
puzzel;puzzle;
version;versi;
makindiserang;makin diserang;
pelssy;tidak diketahui;
down;turun;
wielgosz;tidak diketahui;
situasisituasi;situasi;
yudikatip;yudikatif;
allegation;alegasi;
prabrorogib;prabowo gibran;
religion;agama;
decolonisation;dekolonisasi;
city;kota;
rahmah;rahmah;nama orang
netepin;menetapin;
billy;billy;nama orang
dosasiapapun;dosa siapapun;
hasim;hasim;
digorontalo;di gorontalo;
gaslight;manipulasi;
timnasamin;tim sukses;
lebarlebar;lebar-lebar;
bargaining;nego;
palanggaran;pelanggaran;
pamphlet;brosur;
route;rute;
ngiklan;iklan;
lapia;lapia;nama orang
checkpoints;titik-titik;
daliyo;tidak diketahui;nama orang
viralkan;sebarkan;
arsjad;arsjad;nama orang
rusdianto;rusdianto;nama orang
allinprabowogibran;pilih prabowo gibran;
wilalung;wilalung;
sorotin;sorotkan;
satlantas;polisi;
came;datang;
dllnya;lainnya;
baikpakbowo;baik;
tahuntuntas;tahun tuntas;
gemoi;gemoy;
ramandhani;ramandhani;nama orang
income;pendapatan;
nayain;menanyakan;
jwc;jwc;
worst;terburuk;
yulia;yulia;
cerahjnc;cerah;
jepara;jepara;
silahturahmi;silahturahmi;
buruhjnk;buruh;
kekawatiran;khawatir;
child;anak;
lingkunganhidup;lingkungan hidup;
nonyahasyim;tidak diketahui;
hiprrsonik;hipersonik;
palingjelas;terjelas;
military;militer;
halanghalangi;menghalangi;
yopora;tidak diketahui;
critical;kritis;
mitanews;tidak diketahui;
happens;terjadi;
saved;disimpan;
panitan;tidak diketahui;
gorontalo;gorontalo;
kamidisini;kami disini;
kneel;lutut;
aktivisham;aktivis hak asasi manusia;
perpusnas;perpustakaan nasional;
warganet;netizen;
disinylir;disinyalir;
lvr;tidak diketahui;
asingwni;asing wni;
jogetjoget;menari;
overhaul;perbaikan;
abuse;penyalahgunaan;
gank;gank;
rejo;senang;
terkencingkencing;terkencing-kencing;
good;baik;
interest;minat;
cuap;cuap;
kesiraindonesia;tidak diketahui;
mesir;mesir;
orangorang;orang-orang;
dishub;dishub;
teddgus;tidak diketahui;
woman;wanita;
ottoecsloq;tidak diketahui;
wuri;tidak diketahui;
hiks;tidak diketahui;
golkar;partai;
sipss;tidak diketahui;
masgbran;mas gibran;
sthevannys;tidak diketahui;
closing;penutupan;
fotocapres;foto calon presiden;
informasiinformasi;informasi;
bahrain;bahrain;
doing;mengerjakan;
rumputmassa;rumput massa;
ready;siap;
nyatapolitikbermakna;nyata politik bermakna;
looking;mencari;
pudjiastuti;pudjiastuti;
milihmenang;pilih menang;
mongering;mongering;
kardusdurengorenganpolitik;politik;
temanalamganjar;teman alam ganjar;
young;muda;
democratic;demokratis;
sholawat;shalawat;
respected;dihormati;
debatketigacapres;debat ketiga calon presiden;
fanta;fantasi;
movement;gerakan;
nenggak;tidak;
pastikanmenang;pastikan menang;
sain;sains;
didi;tidak diketahui;
meteng;meteng;
leveling;peningkatan;
marvel;marvel;
ketidakpedulian;tidakpedulian;
mantapppppppppppppppppppp;mantap;
abuabu;abu-abu;
baitul;baitul;
atasin;mengatasi;
aniemuhaimin;anies muhamin;
jurkam;tidak diketahui;
aniesikongenzmilenial;tidak diketahui;
pinterkan;cerdas;
coated;dilapisi;
kritia;kritis;
planning;perencanaan;
circle;lingkaran;
disangkalentah;tidak diketahui;
injury;luka;
daei;tidak diketahui;
twist;putar;
simply;sempurna;
kapalkapal;kapal;
relawanprabowogibran;relawan prabowo gibran;
kesiragerindra;tidak diketahui;
solutifkebanggaanindonesia;solutif kebanggan indonesia;
dilih;dipilih;
aminmiskinkankoruptor;amin miskinkan koruptor;
industriindustri;industri;
utamajnk;utama;
susahnyaganjarmahfud;tidak diketahui;
tips;tips;
spillan;bocoran;
turah;tidak diketahui;
janganjangan;mungkin;
subiyanto;subiyanto;nama orang
jonan;jonan;nama orang
roeslani;roeslani;nama orang
desakanies;desak anies;
scenario;skenario;
kemdikbud;kementerian pendidikan kebudayaan;
gold;emas;
channel;saluran;
savage;kejam;
temuiteman;pertemuan;
cepatcepat;cepat;
priyono;priyono;nama orang
berkontestasi;bertanding;
arbi;arbi;nama orang
limo;limusin;
nepo;nepotisme;
tanggepi;tanggapi;
usman;usman;nama orang
flashone;tidak diketahui;
michael;michael;nama orang
politics;politik;
bakamla;tidak diketahui;
pemiludamai;pemilu damai;
fuck;fuck;
baksos;bakti sosial;
opung;opung;
ksejahtraan;kesejahteraan;
lokaljnx;tidak diketahui;
brother;kakak;
sikutu;sikutu;
kanada;kanada;
anakanaknya;anak-anaknya;
biayain;biayai;
pastilebihbaik;pasti lebih baik;
tpd;tpd;
sooo;tidak diketahui;
atasnamakan;atas nama;
ntb;nusa tenggara barat;
rgs;tidak diketahui;
pemiludikompastv;pemilihan umum;
kspn;kspn;
keterbatasanketerbatasan;keterbatasan;
ngewaro;tidak diketahui;
merbabu;merapi;
aniesmuhaimin;anies muhaimin;
presidenbutuh;presiden butuh;
armandogoncalves;armando goncalves;nama orang
kelebiha;kelebihan;
kjmu;tidak diketahui;
untukkepentinganpribadi;kepentingan pribadi;
zayyan;tidak diketahui;
antikorupsiganjarpranowopranowopilihanumat;anti korupsi ganjar pranowo pilihan umat;
diakalin;dikarenakan;
bisnismuganjarmahfud;bisnis ganjar mahfud;
jnkdukung;tidak diketahui;
somalia;somalia;
spotabahanies;tidak diketahui;
ngelesnya;tidak diketahui;
icon;ikon;
militerkepolisian;militer kepolisian;
salemba;salemba;
sesungguhya;sesungguhnya;
dirilulah;tidak diketahui;
kendari;kendari;
coprascapres;calon presiden;
phd;doktor;
hwaitingabahanies;menunggu abah anies;
monggo;silakan;
lovely;manis;
stars;bintang;
tangerang;tangerang;
perusaahan;perusahaan;
threshold;batas;
widjajanto;widjajanto;nama orang
arema;arema;
thariq;thariq;
manunggaling;manunggaling;
gumay;tidak diketahui;
gizianak;gizi anak;
komen;komentar;
turuuuun;turun;
jnuk;tidak diketahui;
optimistic;optimis;
diinget;diingatkan;
deeptalkganjar;deep talk ganjar;
membauat;membuat;
savepalti;tidak diketahui;
brojen;tidak diketahui;
prabowoampgerindra;prabowo dan gerindra;
ekonomitapi;ekonomi tapi;
meledakledak;meledak;
kemnko;kementerian komunikasi;
gimmickgimmick;bercanda;
federation;persekutuan;
ngeracunin;ngeracunin;
tebaramin;tebar amin;
pengadilanjnk;pengadilan;
saefulloh;saefulloh;
kitamudaloginpakbowo;kita muda login prabowo;
bikinadem;bikin adem;
seall;tidak diketahui;
kesalahpahaman;kesalahpahaman;
iniganjarpranowopilihanumat;ini ganjar pranowo pilihan umat;
jendelakekayaan;jendela kekayaan;
akarakarnya;akar-akar;
ktahanan;pertahanan;
bocorin;membocorkan;
antarwarga;antar-warga;
ganjarpranowo;ganjar pranowo;
nergi;negeri;
magelang;magelang;
gerakanperubahan;gerakan perubahan;
gamamenang;gama menang;
pertanianitulah;pertanian itulah;
pemilunyariscurangbrutal;pemilihan umum curang;
ketidaknetralan;ketidaknetralan;
awallihat;tidak diketahui;
beach;pantai;
bungul;bungul;
pemerintahganjarmahfudrebound;pemerintah ganjar mahfoud rebound;
prabowosatria;prabowo;
tabrakprofmahfud;tabrak proffesor mahfud;
argument;pertengkaran;
particular;particular;
chiko;chiko;nama orang
fadlimas;tidak diketahui;
skywalker;tidak diketahui;
hatersnya;hatersnya;
forever;selamanya;
settlements;perkampungan;
tiktokers;tiktokers;
bilikbilik;bilik-bilik;
sonny;sonny;nama orang
dijanjiin;janjikan;
menyesatkantak;menyesatkan;
guemausatuputaran;satu putaran;
kurnia;kurnia;
clingakclinguk;clingak-clinguk;
misibersama;misi bersama;
umpatin;misi bersama;
policy;kebijakan;
blitar;blitar;
live;hidup;
pemilukcm;pemilihan umum;
jabodetabek;jakarta;
wongwongan;wong-wongan;
naker;pekerja;
carajnk;tidak diketahui;
beranggapa;berasumsi;
cook;memasak;
politic;politik;
ngelanjutin;melanjutkan;
iqbal;iqbal;nama orang
nasakom;nasakom;
mahfud;mahfud;nama orang
appreciate;hargai;
istilahistilah;istilah;
islamic;islam;
marzuki;marzuki;
maaruf;maaruf;
gentleman;tuan;
ngang;tidak diketahui;
pppk;pppk;
jinping;jinping;
mmnuhi;memenuhi;
sekjennya;sekarang;
aniesmodal;tidak diketahui;
thinking;berpikir;
papua;papua;
riau;riau;
situmorang;situmorang;
terpilihapa;terpilih apa;
pemerataankesetaraan;pemerataan kesetaraan;
johnny;johnyy;nama orang
ainunnajib;ainun najib;nama orang
sepintarpintarnya;pintar;
terukurganjarmahfudrebound;terukur ganjar mahfud rebound;
datadata;data-data;
siasiakan;sia-sia;
brsl;tidak diketahui;
rakyataplgi;rakyat apalagi;
ketidakpahaman;tidak paham;
mengkriti;mengkritik;
jnbx;tidak diketahui;
wall;dinding;
mustamar;mustamar;
kenyataanya;faktanya;
nelayanbangun;nelayan bangun;
berpoltikan;politik;
wrga;warga;
lasso;tali;
menggeliatganjarmahfudrebound;menggeliat ganjar mahfud rebound;
khususganjarmahfudrebound;khusu ganjar mahfud rebound;
tohhh;padahal;
ball;bola;
walhi;walhi;
pamulangcinereraya;pamulang cinere raya;
brkualitas;berkualitas;
loginprabowogibran;masuk prabowo gibran;
nyenyek;mengganggu;
hartarto;harta;
debatketiga;debat ketiga;
wagimandeep;tidak diketahui;
vision;visi;
klitih;klitih;
outburst;ledakan;
memnangkan;menang;
like;seperti;
spotlight;sorotan;
ganjarpilihanrakyat;ganjar pilihan rakyat;
airganjarmahfudrebound;tidak diketahui;
sampaisampai;sampai;
olej;oleh;
presentase;persentase;
berkatakata;berbicara;
meresponnya;meresponsnya;
ahoker;pendukung ahok;
about;tentang;
partaiummat;partai umat;
isbarthi;isbarthi;
xiii;ketawa;
cebokin;cebokin;
saputri;saputri;
ditandatangani;ditandatangani;
rasjid;rasjid;
soalsoal;soal-soal;
idegagasan;ide gagasan;
face;wajah;
ettitiptoleransike;titip toleransi;
ikra;ikra;
tanahkemakan;tanah kemakan;
probowo;prabowo;
pakbowomasgib;prabowo gibran;
pilihankita;pilihan kita;
angkotmurah;angkot murah;
seadiladilnya;seadil-adilnya;
anies;anies;
efektifseperti;efektif seperti;
umpanmanies;umpanmanies;
alpha;alfa;
yenny;yenny;
iara;iara;
petaninelayandan;petani nelayan dan;
lazimcara;lazim cata;
bagusterbukti;bagus terbukti;
bolonemase;bolonemase;
mensejahterahkan;meningkatkan;
event;acara;
resiliensi;resilien;
poinpoinnya;poin-poinnya;
ketanduaan;ketandusan;
tapiii;tetapi;
pesatren;pesantren;
debicoklat;tidak diketahui;
ngehapus;menghapus;
fourbes;tidak diketahui;
indonesiaganjarmahfudrebound;indonesia ganjar mahfud rebound;
menangkandemokrat;menangkan demokrat;
dijwab;dijawab;
megaprabowo;megawati prabowo;
furong;tidak diketahui;
bojonegoro;bojonegoro;
menyalanyala;menyala;
nothing;tidak;
harahap;tidak diketahui;
yakinlahanies;tidak diketahui;
polybag;tas;
jnkganjarri;tidak diketahui;
pemudaseperti;pemuda seperti;
naqsabandiyah;naqsabandiyah;
development;pengembangan;
kss;kss;
dipapua;di papua;
occupation;pekerjaan;
wkwkwkwkkwkw;wkwk;
manaaaaa;dimana;
vihara;vihara;
menham;menteri hak asasi manusia;
imingi;di imingi;
risma;risma;
kemarenkemaren;kemarin;
kenyataannyamodern;kenyataan modern;
ground;tanah;
overconfidence;kepercayaan diri yang berlebihan;
satsiber;cyber security;
muhaimin;muhaimin;
jarnas;jarnas;
semangaaat;semangat;
hwaiting;waiting;
daerahganjarmahfud;daerah ganjar mahfud;
own;milik;
abyad;abyadi;nama orang
power;daya;
entrdata;entri data;
night;malam;
speaking;berbicara;
caprescawapres;calon presiden calon wakil presiden;
titiek;titiek;
kecilganjarmahfudrebound;kecil ganjar mahfud rebound;
nganggukngangguk;ngangguk;
pagiii;pagi;
walaikumsalam;salam;
pastipasti;pasti;
tron;tidak diketahui;
lbihbaik;lebihbaik;
langkahin;langkahkan;
course;kursus;
fix;perbaiki;
pangkostrad;pangkostrad;
sorryy;maaf;
dydyaa;tidak diketahui;
sadewo;sadewo;nama orang
gelarny;gelaranya;
gobel;tidak diketahui;
sudirman;sudirman;
tagline;slogan;
bts;bts;
mulutmanies;mulut manis;
budalmasdar;tidak diketahui;
difabel;difabel;
kerenorqck;tidak diketahui;
djojohadikusumo;djojohadikusumo;
biden;biden;
iyeth;iyeth;
swing;ayunan;
pembukaman;pemakaman;
prabowoselamatkanwilfrida;prabowo selamatkan;
ngmong;berbicara;
israelindonesia;israel indonesia;
position;posisi;
pastiinpbowo;pasti prabowo;
gdp;produk;
nahdatul;nahdlatul;
menhan;menteri pertahanan;
pertanianindonesiamaju;pertanian indonesia maju;
amazing;mengagumkan;
nuwun;terima;
deaf;tuli;
ppatk;ppatk;
rektorat;rektorat;
tbk;tbk;
istora;istora;
kenalankenalan;kenalan;
sumitro;tidak diketahui;
rosanroeslani;rosan roeslani;
kerjajnx;kerja;
nguasain;menguasai;
boomerang;bumerang;
jakarta;jakarta;
timor;timor;
ramahganjarpranowopilihanumat;ramah ganjar pranowo pilihan umat;
mardiasih;mardiasih;
orbong;tidak diketahui;
pemakzulanjokowibergema;pemakzulan jokowi bergema;
meminimalisir;mengurangi;
adaro;tidak diketahui;
londo;london;
adatp;ada;
sebenarnyahaus;sebenarnya;
nkri;negeri;
perempuanganjarmahfudrebound;perempuan ganjar mahfud rebound;
ngangong;tidak diketahui;
battle;pertempuran;
maksimaljnk;maksimalnya;
everyone;semua;
kebonsari;kebonsari;
pengadilankalah;pengadilan kalah;
cybernya;sibernya;
jokowi;jokowi;
megawati;megawati;
orangjnk;orangnya;
record;rekam;
problema;masalah;
kapasita;kapasitas;
ngomong-ngomong;bicara-bicara;
mbludak;membludak;
tempodotco;tempo.com;
leste;leste;
metrotv;metrotv;
debatpresiden;debat presiden;
sampau;sampai;
teguhjnk;tidak diketahui;
ciremai;ciremai;
gameover;selesai;
apaapa;apa;
rieke;tidak diketahui;
bebaspindahke;bebas pindah ke;
dibukauntukumum;dibuka untuk umum;
town;kota;
dewe;tidak diketahui;
adek;adik;
wowkampanye;kampanye;
blio;tidak diketahui;
keyword;kata kunci;
segalanyadapat;semuanya dapat;
terlamb;terlambat;
fkswmxca;tidak diketahui;
potential;potensi;
lagulagu;lagu;
megapolitan;metropolitan;
bossss;bos;
hamdan;hamdan;
endonesa;indonesia;
kemasalahatan;kemaslahatan;
states;negara;
yourself;dirimu;
untapped;tidak terjamah;
mizwar;tidak diketahui;
addressing;mengatasi;
bangsaonline;bangsa online;
greenflation;inflasi-hijau;
avowed;dinyatakan;
tknprabowogibran;tenaga kerja nyata prabowo gibran;
count;hitung;
dhani;tidak diketahui;
artikulsi;artikulasi;
fadjar;tidak diketahui;
korupsimalahan;korupsi;
buktinyata;bukti nyata;
unhas;universitas hasanudin;
gurutta;tidak diketahui;
kelabuisebarkanrepeat;kelabui sebarkan repeat;
rfg;tidak diketahui;
organization;organisasi;
alexis;tidak diketahui;
middleman;toko;
jnd;tidak diketahui;
soloraya;solo raya;
sebelh;sebelah;
nusakambangan;nusakambangan;
jkwmembangundesa;membangun desa;
mmyumbng;menyumbang;
bergejolaknamun;bergejolak namun;
belabuh;berlabuh;
six;enam;
caratselcaday;tidak diketahui;
berhadaphadapan;berhadapan;
several;beberapa;
beruasa;tidak diketahui;
umatislampilihamin;umat islam pilih amin;
indikatorindikator;indokator;
timingnya;waktunya;
akhirnyaaaaaaa;akhirnya;
dihimbau;diminta;
gunungsari;gunungsari;
bullshit;bullshit;
resign;mengundurkan;
apologize;maafkan;
more;lebih;
epitomenya;tidak diketahui;
hopes;harapan;
rdp;epitome;
palingsejuk;sejuk;
senayan;senayan;
kapable;mampu;
gasspol;gas pol;
naive;tulus;
iniingat;ingat;
bukain;buka;
browsing;menelusuri;
jnfe;tidak diketahui;
line;garis;
nenangga;tidak diketahui;
bersamasama;bersama-sama;
baswedan;baswedan;
naudzubillah;mohonmaaf;
terrisbaasyir;tidak diketahui;
kids;anak;
gsp;gsp;
kitamuda;kita muda;
eplanning;tidak diketahui;
berjan;berjanji;
muhyiddin;muhyidin;
hariyanto;hariyanto;
putin;putin;
jombor;tidak diketahui;
thohir;thohir;
pahamrakyatganjarpranowopilihanumat;paham rakyat ganjar pranowo pilihan umat;
ayoaklamasiprabowogibran;ayo aklamasi prabowo gibran;
trunoyudo;trunoyudo;
candidates;kandidat;
sjw;tidak diketahui;
agamaanies;agama anies;
jerome;jerome;
fight;pertarungan;
gentiles;gentiles;
mdjnk;tidak diketahui;
agusyudhoyono;agus yudhoyono;
closedoors;close doors;
bangu;tidak diketahui;
andrerosiade;tidak diketahui;
nuislam;nu islam;
bisnisjnc;bisnisnya;
maauk;masuk;
replyannya;balasannya;
videotronmmas;tidak diketahui;
some;beberapa;
rincian;detail;
malioboro;maliboro;
poslon;pasangan calon;
wiratama;wiratama;
swallow;telah;
bukanpakde;tidak diketahui;
loemau;tidak diketahui;
pelaksannya;pelaksanaannya;
malaysia;malaysia;
asiknya;serunya;
gadjah;gajah;
kakekhalal;kakek halal;
bravo;baik;
calegnya;calon legislatif;
hotline;nomor;
weeks;minggu;
suppofor;tidak diketahui;
alasanalasan;alasan;
prabowogibrankalsel;prabowo gibran kalimantan selatan;
wacapres;wakil calon presiden;
dikitdikit;sedikit-sedikit;
aziziyah;tidak diketahui;
desakaniessumbar;desak anies sumatera barat;
teksjadi;teks jadi;
ngra;negara;
dicaricari;dicari;
jnyc;tidak diketahui;
feminist;feminis;
pwi;tidak diketahui;
utting;mengiris;
boarding;penumpukan;
keberanianganjarmahfudrebound;keberanian ganjar mahfud rebound;
restorasiindonesia;restorasi indonesia;
plus;tambah;
suhada;tidak diketahui;
cawecawe;cawe-cawe;
livetiktok;live tiktok;
kawulo;tidak diketahui;
etznytunp;tidak diketahui;
menglaim;mengklaim;
attack;serangan;
trah;trah;
perlahanlahan;perlahan;
nganjuk;nganjuk;
untukpragibs;untuk prabowo gibran;
security;keamanan;
centre;pusat;
omonganya;bicaranya;
consider;pertimbangkan;
ekspektasi;harapan;
cayah;tidak diketahui;
bknkah;bukankah;
borneonews;borneo news;
julidin;julidin;
undecided;belum diputuskan;
rendahganjarmahfudrebound;rendah ganjar mahfud rebound;
kemhan;kementerian pertahanan;
prabowogemoy;prabowo gemoy;
basie;tidak diketahui;
jakartasulut;jakarta sulawesi utara;
mengijinkan;memperbolehkan;
days;hari;
visimisinya;visi misi;
katakatanya;kata kata;
remember;ingat;
ituah;itu;
rakyatjnax;rakyat;
kronikroni;kroni-kroni;
literasinya;literasi;
habyarimana;tidak diketahui;
pdemokrat;demokrat;
menbatu;membantu;
jogging;lari;
mejudge;menilai;
space;ruang;
boedi;tidak diketahui;
dandim;tidak diketahui;
csis;csis;
kebijakankebijakan;kebijakan;
rutinitas;rutinitas;
wjr;wajar;
ordebarureborn;orde baru reborn;
jogednya;menari;
ganjarlebihbaik;ganjar lebih baik;
thomas;thomas;
tweet;cuitan;
totally;sepenuhnya;
timnas;tim nasional;
doxing;pengungkapan;
cheryl;cheryl;
tantrum;amukan;
kencintaanya;kecintaannya;
oversharing;oversharing;
repetition;pengulangan;
yukabjnce;tidak diketahui;
jakartasenin;jakarta senin;
retwit;retweet;
poinpoin;poin;
dipostingkan;diposting;
sadad;tidak diketahui;
hayoooo;ayo;
redistribusi;redistribusi;
rill;riil;
amsterdam;amsterdam;
banjarnegara;banjarnegara;
basabasi;perkataan;
absent;absen;
menunjukksn;menunjukkan;
purnomo;purnomo;
support;dukungan;
debates;debat;
lbs;pound;
student;siswa;
according;menurut;
abunawas;abu nawas;
terbukaa;terbuka;
tjahaja;tjahaja;
fate;nasib;
diroasting;digoreng;
thoifur;thoifur;
tepatganjarmahfudrebound;tepat ganjar mahfud rebound;
naudzubillaah;nauszubilah;
transparanganjarmahfudrebound;transparan ganjar mahfud rebound;
lugito;lugito;
madiun;madiun;
epic;epik;
videotron;videotron;
takmir;takmir;
nilainilai;nilai-nilai;
intellectual;intelektual;
lanjutgansemuakerja;lanjutkan semua kerja;
jelassama;jelas;
nyebrang;menyeberang;
coblosno;coblos nomor;
half;setengah;
rizieq;rizieq;
responnya;respon;
hate;benci;
nolong;tolong;
pemilucurangmakinnyata;pemilu curang makin nyata;
dinasty;dinasti;
ketimpanan;penyimpanan;
shot;tembakan;
menginisi;menginisiasi;
covid;korona;
biggest;terbesar;
doorprize;hadiah;
surepay;surepay;
samawa;samawa;
kbengisan;kebengisan;
urrangawak;tidak diketahui;
predictor;prediktor;
renon;tidak diketahui;
teriyaki;teriyaki;
kjp;kartu jakarta pintar;
wirantogaspoldukung;wiranto gaspol dukung;
romy;tidak diketahui;
andono;tidak diketahui;
patriotprabowo;patriot prabowo;
hutpdiperjuanganke;hut pdi perjuangan ke;
sehatsehat;sehat;
markup;tanda;
presidenrakyat;presiden rakyat;
this;ini;
santribermutu;santri bermutu;
persatuanindonesia;persatuan indonesia;
tnipolri;polisi;
siregar;siregar;
idol;idola;
ntt;nusa tenggara timur;
beberinkalau;bersihkanlah;
haveaniesday;have anies day;
sirusaa;tidak diketahui;
sense;sense;
listens;mendengarkan;
kristandyoko;tidak diketahui;
menhannya;menteri pertahanan;
apakalau;bagaimana;
pilihanumat;umat;
damkar;pemadam kebakaran;
hasto;hasto;
ndalem;tidak diketahui;
daerahdaerah;daerah;
ditegakkanjnk;ndalem;
legacy;warisan;
jelasganjarmahfud;jelas ganjar mahfud;
prokesjahteraan;program kesejahteraan;
sebrbernya;sebenarnya;
tenggelem;tenggelam;
umah;rumah;
lets;ayo;
temantemanjna;teman-temannya;
habishabisan;habis-habisan;
midlife;tidak diketahui;
psiprabowogibran;psi prabowo gibran;
topgansatst;tidak diketahui;
bacawalkot;baca walikota;
southsouth;tidak diketahui;
prabowoemosi;prabowo emosi;
ruangruang;ruang;
zoelva;tidak diketahui;
apri;buka;
rekanrekan;rekan-rekan;
ybj;tidak diketahui;
dipahamiganjarmahfudrebound;dipahami ganjar mahfud rebound;
apry;tidak diketahui;
sufficient;cukup;
experienced;berpengalaman;
carington;tidak diketahui;
baswedanmereka;baswedan mereka;
khratis;tidak diketahui;
ngapakpilihganjar;ngapak pilih ganjar;
sreng;tidak diketahui;
notch;tirus;
malqh;tidak diketahui;
ancient;kuno;
qodir;tidak diketahui;
menangkanprabowo;menangkan;
agrinas;tidak diketahui;
anisd;anies;
neno;tidak diketahui;
perabowogibran;prabowo gibran;
inssalh;insya allah;
debatpilpres;debat pilihan presiden;
mantapjnk;tidak diketahui;
priok;tidak diketahui;
jnyd;tidak diketahui;
rakyatganjarmahfudrebound;rakyat ganjar mahfud rebound;
spartan;sederhana;
sinpo;tidak diketahui;
negarajnb;negara jnb;
berbohongmasih;berbohong masih;
wake;bangun;
temponasional;tempo nasional;
aminindonesialebihbaik;amin indonesia lebih baik;
aqil;aqil;
mengikutin;mengikuti;
sgie;sgie;
resolved;terselesaikan;
tulip;tulip;
faeni;faeni;
market;pasar;
ceonya;ceonya;
behaved;perilaku;
kaesang;kaesang;
janjijanji;janji;
capresbelapalestina;calon presiden bela palestina;
manajemeny;manajemen;
memposting;mempublikasikan;
perjuanganteladanperjuangan;perjuangan teladan;
gantiyg;ganti yang;
inikasus;ini kasus;
kitamudamakin;kita muda makin;
casanofa;tidak diketahui;
jejakanies;jejak anies;
demanding;menuntut;
pemimpinyangdinanti;pemimpin yang dinanti;
apbnd;anggaran pembayaran negara;
dibandingin;dibandingkan;
lead;timbal;
theelectionchannelmetrotv;tidak diketahui;
anyway;tetapi;
chudai;chudai;
kesewenangwenangan;kesewenangwenangan;
proper;benar;
terdzalimi;tersakiti;
padanyajnk;padanya jnk;
ibadahmalu;ibadah malu;
semangatganjarmahfud;semangat ganjar mahfud;
ganjarmahfu;ganjar mahfud;
jnkbersamaganjarmahfud;jnk bersama ganjar mahfud;
lhaa;loh;
polibak;polibak;
didu;tidak diketahui;
sikatkorupsi;sikat korupsi;
nkra;nkri;
gontokdebat;gontok debat;
prananda;prananda;
bodoamat;bodo amat;
antonius;antonius;
manamana;mana-mana;
phsicology;psikologi;
reconcile;menyelaraskan;
melemparlemparkan;melempar;
hashim;hashim;
karno;karno;
koprasi;koperasi;
sejahterain;sejahtera;
contrack;kontrak;
basuki;basuki;
dibagibagi;distribusi;
sekitarnyaamin;tidak diketahui;
"tidak diketahui""";;
carol;tidak diketahui;
awards;penghargaan;
aniescondisi;anies kondisi;
yogyakarta;yogyakarta;
gqpjrpvqw;tidak diketahui;
kelihatanya;kelihatannya;
semenamena;semena-mena;
applause;tepukan;
persatuannasional;persatuan nasional;
kathiri;tidak diketahui;
possible;mungkin;
nawawi;tidak diketahui;
prabowogibransulsel;prabowo gibran sulawesi selatan;
asyhgil;tidak diketahui;
radya;radya;
manunggalingnya;tidak diketahui;
citacitanya;impian;
motpr;tidak diketahui;
dprri;dewan perwakilan rakyat republik indonesia;
insyaf;inshaf;
dinantinanti;dinantikan;
ngajimu;mengajarmu;
menimbangnimbang;timbangan;
jogoloyo;jogoloyo;
tempofoto;tidak diketahui;
produkproduk;produk;
aakurecqk;tidak diketahui;
diiming;diiming-iming;
desaganjarmahfud;desa ganjar mahfud;
manjatuhkan;menurunkan;
dulutuh;dahulu tuh;
tohir;tohir;
kuasakuasa;kuasa;
kalengkaleng;kaleng-kaleng;
pildun;piala dunia;
indekspertahanankeamananbgtu;indeks pertahanan keamanan begitu;
kristomei;tidak diketahui;
agushamra;tidak diketahui;
setiabudi;setiabudi;
ganjarmahfudpilihanrealistis;pilihan realistis;
ciao;halo;
tvone;tvone;
stopgenocide;berhentikan kekerasan;
jnri;januari;
clon;calon;
george;tidak diketahui;
struggles;perjuangan;
kebumen;kebumen;
suriah;suriah;
mjdkan;menjadikan;
bssn;bssn;
kemer;tidak diketahui;
aminpilihanrakyat;amin pilihan rakyat;
terusmajubersamaprabowo;terus maju bersama prabowo;
bersamaprabowo;bersama prabowo;
dipermasalahin;diperdebatkan;
alutsita;alat utama sistem senjata;
jnwj;tidak diketahui;
kitakeren;kita keren;
mahfudganjarganjarpranowopilihanumat;mahfud ganjar pranowo pilihan umat;
trtinggi;tertinggi;
approval;persetujuan;
station;stasiun;
haha;hahaha;
impossible;mustahil;
example;example;
ganjab;ganjar;
kelompokorganisasi;kelompok organisasi;
lawandinastipolitik;lawan dinasi politik;
sattt;tidak diketahui;
simsalabim;simsalabim;
pbowogbran;prabowo gibran;
okegasss;tidak diketahui;
reaktivasi;reaktivasi;
nahdliyin;warga nahdlatul ulama;
sbtlnya;sebetulnya;
panasss;panas;
wrap;kain;
literasi;literasi;
cukongcukong;cukong-cukong;
definetly;tentu;
agakagak;agak-agak;
kuyokuyo;tidak diketahui;
indramayu;indramayu;
powernya;dayanya;
grassro;grassroot;
influencer;pengaruh;
kbulan;tidak diketahui;
thamrinsudirman;tidak diketahui;
rizal;rizal;
semuakerja;semua kerja;
dijulidin;dijulidin;
pranowojnk;pranowo jnk;
tonedeaf;tone deaf;
flores;flores;
posting;posting;
research;penelitian;
zerobaseone;tidak diketahui;
tupoksinya;tugasnya;
subagyo;tidak diketahui;
startup;perusahaan;
mudagigihbrani;tidak diketahui;
goenawan;goenawan;
mitrapol;mitrapol;
mendatangganjarmahfudrebound;tidak diketahui;
beginning;awal;
aniesnya;anies;
akoteka;tidak diketahui;
deserve;pantas;
syahdi;tidak diketahui;
brigjen;brigadir;
napak;napak;
editorialmalam;editorial malam;
massive;masif;
dkikan;tidak diketahui;
desakaniesdihambat;desak anies dihambat;
minutes;menit;
injured;luka;
kasatlantas;kepala satuan lalu lintas;
conference;konferensi;
pilihanterbaik;pilihan terbaik;
baratmahfud;barat mahfud;
tnggelamkan;tenggelamkan;
haikal;haikal;
gueelukitagibraner;tidak diketahui;
jxcd;tidak diketahui;
highest;tertinggi;
mengkawatirkan;mengkhawatirkan;
case;kasus;
maayarakat;masyarakat;
flying;terbang;
crush;patah hati;
aminkanindonesia;amin;
sprotiv;sportif;
prabowosbyahy;tidak diketahui;
pnh;tidak diketahui;
cilacap;cilacap;
makindipilih;semakin dipilih;
salahberkacalah;salah berkacalah;
mendingkepaslon;mending ke pasangan calon;
levenia;tidak diketahui;
lainlain;lain-lain;
catchy;menarik;
inklusi;termasuk;
keledaikeledai;tidak diketahui;
hilng;hilang;
pribadibenar;pribadi benar;
dugaankorupsikemenhan;dugaan korupsi kementerian pertahanan;
chillwin;tidak diketahui;
guys;teman;
aktualitas;kemasyarakatan;
mohamed;muhammad;
tribun;tribun;
terisakisak;terisak-isak;
simpaty;simpati;
berswafoto;berswafoto;
speechless;tidak bisa berkata-kata;
bolehkokpindah;boleh kok pindah;
lahada;tidak diketahui;
pilihganjarpranowomahfudmd;pilih ganjar indonesia unggul;
newsone;tidak diketahui;
marahmarah;marah;
independensi;kemerdekaan;
ganjarforind;ganjar for indonesia;
tkn;tkn;
timdozer;tidak diketahui;
democracy;demokrasi;
kaumkaum;kaum-kaum;
angwar;tidak diketahui;
analisanya;analisisnya;
solver;penyelesai;
know;tahu;
janjijanjinya;janji;
orangk;orang;
arekarek;arek-arek;
biginilah;beginilah;
would;akan;
kemlithak;tidak diketahui;
wargawarga;orang-orang;
kesimpula;kesimpulan;
kenobi;kenobi;
sukarjo;sukarjo;
pahitmaniesalwayswithanies;pahit manis selalu bersama anies;
penyokongpi;tidak diketahui;
trump;trump;
tetanggatetangga;tetangga-tetangga;
nontol;tidak diketahui;
desakamin;desak amin;
framingnya;framingnya;
beiqnhxqr;tidak diketahui;
mnangganjarmahfudrebound;menang ganjar mahfud reboudn;
ngrasa;merasa;
inidikasi;indikasi;
kemenkum;kementerian hukum dan ham;
kuatkankpk;kuatkan kpk;
murahsemoga;murah semoga;
alihalih;aloh-alih;
dekranasda;dewan kerajinan nasiona;
flamed;terbakar;
black;hitam;
konunikasi;komunikasi;
mdjnkao;tidak diketahui;
insyaallahaniespresiden;anies presiden;
aniesmenangdebat;anies menang debat;
leave;pergi;
goganjargo;go ganjar go;
they;mereka;
heddy;heddy;
iniblah;inilah;
otsus;otonomi khusus;
dikeroyokdgn;dikeroyok dengan;
iran;iran;
indonesiaisrael;indonesia israeel;
patiunus;patiunus;
mulutmanisanies;mulut manis anies;
rakyatsiagakecurangan;rakyat siaga kecurangan;
debt;rakyat siaga kecurangan;
antijokowi;anti jokowi;
jnkbarengganjar;jnk bareng ganjar;
denny;denny;
saidah;saidah;
merekamereka;mereka-mereka;
crazy;gila;
bawabawa;bawa-bawa;
capress;calon presiden;
jsi;jsi;
dkijd;tidak diketahui;
disamperin;ditolong;
nana;tidak diketahui;
children;anak-anak;
ulta;tidak diketahui;
cekfaktaidntimes;cek fakta indonesia;
dardak;dardak;
hphnya;hphnya;
kratonbersamarakyat;keraton bersama rakyat;
hukumjnk;hukum;
masyarakatganjarpranowopilihanumat;masyarakat ganjar pranowo pilihan umat;
banggabanggain;membangga-banggkan;
lsn;lembaga survei nasional;
haag;haag;
boediono;boediono;
iyakalau;"""iya kalau""";
exahokers;mantan pendukung ahok;
jnkganjar;jnk ganjar;
setya;setia;
diskualifikasipaslon;diskualifikasi pasangan calon;
ordal;orang dalam;
nteweet;ngetweet;
disgusting;jijik;
bangladesh;bangladesh;
ecology;ekologi;
sukmonohadi;sukmono hadi;
menangkanganjar;menangkan ganjar;
awangawang;awang-awang;
problems;masalah;
terusengalir;terusmenerus;
screenshoot;screenshot;
organorgan;organ;
aksesbilitas;aksesibilitas;
ekslusif;eksklusif;
masia;masia;
posturing;pemosisian;
thinks;berpikir;
murdoch;murdoch;
memaprkn;memaparkan;
majuganjarpranowopilihanumat;maju ganjar pranowo pilihan umat;
atikohibunegara;atikoh ibu negara;
pasifik;pacific;
elaboratif;elaboratif;
balihobaliho;baliho-baliho;
bubble;gelembung;
nihnegri;negara ini;
lope;love;
kerasklo;tidak diketahui;
prtahanan;pertahanan;
sektorsektor;sektor;
buzzzer;buzzer;
prabowogibranmakinasik;prabowo gibran semakin asik;
niretika;niretika;
could;dapat;
diklat;pelatihan;
relation;hubungan;
tweetan;tweet;
deliberative;berpikir;
sakaria;sakaria;
fauziyah;fauziyah;
ngakoni;mengakui;
terangterangan;terang-terangan;
investment;investasi;
antri;antri;
gppmd;tidak diketahui;
muhammadiyah;muhammadiyah;
disguise;penyamaran;
braile;braille;
room;kamar;
belimbingsayur;sayur;
hbitat;habitat;
humanies;kemanusiaan;
uchiwanya;tidak diketahui;
biayabiaya;biaya;
visimisi;visi-misi;
lainyya;lainnya;
diviralkan;disebarkan;
sahabatsantri;sahabat santri;
nasty;jelek;
bloomberg;bloomberg;
yerusalem;jerusalem;
radikul;radikal;
jaklingko;jaklingko;
qc;tidak diketahui;
menjujung;menjunjung;
seolaholah;seolah-olah;
having;memiliki;
body;badan;
repliesnya;balasannya;
aetra;astra;
wrg;warga;
much;banyak;
nyimpannya;menyimpannya;
kilaspemilu;kilas pemilu;
raharjo;raharjo;nama orang
meet;temui;
biayakuliah;biaya kuliah;
roasting;pemanggangan;
garibaldi;garibaldi;
stadiuminternationaluntukindonesia;stadium internasional untuk indonesia;
parkahnnice;tidak diketahui;
ldbi;lomba debat bahasa indonesia;
penghianat;pengkhianat;
studentloan;pinjaman mahasiswa;
nelayanmimpi;nelayan mimpi;
udaraganjar;udara ganjar;
buzzernya;buzzer;
merauke;merauke;
dayak;dayak;
hongg;tidak diketahui;
peace;damai;
ibadahdi;ibadah;
gobloog;goblog;
sikaaatt;sikat;
sukhoi;sukhoi;
zahra;zahra;
ganjartanpadrama;ganjar tanpa drama;
banyuwangi;banyuwangi;
prabowogibraninspiratif;prabowo gibran inspiratif;
hisyam;tidak diketahui;
prabowosubianto;prabowo subianto;
mainmain;bermain;
reels;ulasan;
gentanyangan;gentayangan;
diasesudah;dia sesudah;
kaisang;kaesang;
phonskaplus;tidak diketahui;
berkualitasganjar;berkualitas;
pendekargemoy;pendekar lucu;
dehganjarmahfudrebound;deh ganjar mahfud rebound;
sutettak;tidak diketahui;
nms;tidak diketahui;
track;lacak;
terjadiharus;terjadi harus;
find;temukan;
hankypanky;tidak diketahui;
hitler;hitler;hitler
bansos;bantuan sosial;
lahelo;lah elu;
barca;barcelona;
makinsulitdisusul;semakin sulit disusul;
tugiman;tidak diketahui;
ceuna;katanya;
twitter;twitter;
trirengga;tidak diketahui;
yamg;yang;
resto;restoran;
insider;pemberitahuan;
indonesiajna;indonesia;
oppa;oppa;
pager;pagar;
dear;tercinta;
now;sekarang;
gagar;gagal;
prsidem;presiden;
uforia;uforia;
behavior;perilaku;
lazarus;lazarus;
kasuskasus;kasus;
strategic;strategis;
lembagakementerian;lembaga kementerian;
outsourcing;pembagian kerja;
kodekita;kode kita;
etikmhfudtdkada;etik mahfud tidak ada;
gaza;gaza;
pertamina;pertamina;
pertahanankeamanan;pertahanan keamanan;
double;ganda;
indonesiabagian;indonesia bagian;
sumringah;bahagia;
karenahati;karena hati;
perjuanganpetani;perjuangan petani;
qibul;qibul;
expo;pameran;
viral;populer;
menyeluruhganjarmahfudrebound;menyeluruh ganjar mahfud reborn;
nyungsep;nyungsep;
idealismfor;idealismeuntuk;
klawen;klawen;
setiadigarisrakyat;setia digaris rakyat;
blusuk;blusukan;
yuli;yuli;
them;mereka;
tesa;tesa;
backgroundnya;latar;
menangseputaran;menang satu putaran;
bahlil;bahlil;
amanahtidak;amanah tidak;
ganjarpresiden;ganjar presiden;
kawankawan;kawan;
arguments;argumen;
benny;benny;
nainggolan;nainggolan;
pendekarsama;pendekar sama;
center;pusat;
menhanprabowogagal;menteri pertahanan;
adams;adams;
away;away;
mbib;mbib;
lainsangat;lain sangat;
magetan;magetan;
mngecilkan;mengkecilkan;
kitapakbw;tidak diketahui;
hektareatau;hektar atau;
anieslah;anieslah;
pens;penghapus;
photo;foto;
shihab;shihab;
polibag;tidak diketahui;
kick;kick;
rakyatsenang;rakyat senang;
sekda;sekretaris;
nyertain;mendampingi;
mlempem;melempem;
mlg;malang;
kendeng;tidak diketahui;
opressed;tertekan;
tiktok;tiktok;
trini;tidak diketahui;
tehran;tehran;
illegal;ilegal;
masingmasing;masing-masing;
johannes;johannes;
kapendam;tidak diketahui;
bsd;bsd;
parliamentary;parliamentary;
jnk;jnk;
garnacho;garnacho;
asikasik;asik-asik;
dukungantulus;dukungan tulus;
passport;passprt;
fighting;fighting;
publikjnk;publik jnk;
elitisme;elitisme;
kesjahteraan;kesejahteraan;
ngendaliin;mengendalikan;
newspelaku;newspelaku;
ketidakbecusan;ketidakbecusan;
sulselgemoy;sulawesi selatan gemoy;
debatprabowo;debat prabowo;
superkeren;super keren;
asalbukanprabowo;asal bukan prabowo;
bensonyang;tidak diketahui;
mengulangulang;mengulangi;
hand;tangan;
wakandanomoreindonesiaforever;indonesia;
denial;penolakan;
cawaperes;calon wakil presiden;
ojolkuberpihakpadamu;ojek online aku berpihak padamu;
masganjar;mas ganjar;
hapsoro;hapsoro;
anakin;anakin;
straightforward;mudah;
asalasalan;asal-asalan;
demand;permintaan;
dimanamana;dimana-mana;
will;akan;
bomatlah;bomatlah;
proposals;usulan;
berantemberantem;bertengkar;
dikedepankn;depan;
pemerintahanganjarmahfud;pemerintah ganjar mahfud;
gembargembor;gembar gembor;
ganjardoarakyat;ganjar doa rakyat;
pronouns;pronouns;
nyalon;calon;
nelayanbukajalan;nelayan buka jalan;
midle;tengah;
aniescerdas;anies cerdas;
dialogganjar;dialog ganjar;
hatur;terima;
swingvoter;pemilihayunan;
offensive;menyebalkan;
taufikdamas;taufik damas;
ditpsjelas;tidak diketahui;
yudhoyono;yudhoyono;
pilihganjaruntuknkri;pilihan ganjar untuk indonesia;
ngepost;posting;
dibuatbuat;buatan;
muji;muji;
jleb;jleb;
fretilin;fretilin;
ventures;usaha;
capability;kemampuan;
prwakilan;perwakilan;
again;lagi;
rohingya;rohingya;
didengarjnk;didengar jnk;
rtawaran;tawaran;
inflation;inflasi;
ganjaruntuksemua;ganjar untuk semua;
ningkatin;meningkatkan;
fatsum;fatsum;
kamikabarkanandaputuskan;kami kabarkan anda putuskan;
kecilganjarpranowopilihanumat;kecil ganjar mahfud rebound;
twiterantiktokan;twitteran tiktokan;
sebgai;sebagai;
terbahakbahak;tertawa;
diidamkanjnyi;diidamkanjnyi;
caprs;calon presiden;
semalamyg;semalam yang;
helicopternyadi;helikopternya di;
industrikreatifamin;industri kreatif amin;
hamas;hamas;
cj;tidak diketahui;
ngapusi;berbohong;
ktpsakti;ktp sakti;
sanusi;sanusi;
ganjarbelapekerjamigran;ganjar bela pekerja migran;
andrejanuar;tidak diketahui;
imbpesen;tidak diketahui;
kocarkacir;kocar-kacir;
oknumoknum;oknum-oknum;
hariz;hariz;
vietnam;vietnam;
pilpes;pilih presiden;
natalie;natalie;
tidaaaakkkk;tidak;
coal;batu bara;
policies;kebijakan;
choirul;choirul ;
jaba;jabar;
does;tidak;
yusak;yusak;
gaesss;tebakan;
concern;kekhawatiran;
gais;gais;
menolaklupamei;menolak lupa mei;
tuntasamanah;tuntas amanah;
subianto;subianto;
dynasty;dinasti;
ukraina;ukraina;
gituamatmainnya;gitu amat mainnya;
answering;menjawab;
batubaranya;batubara;
rocks;batu;
taaa;tidak diketahui;
great;bagus;
neutral;netral;
etisgiliran;tidak diketahui;
saviour;penyelamat;
right;benar;
lahanprabowo;lahan prabowo;
textbook;buku-teks;
bangkitkan;tidak diketahui;
gateway;gerbang;
izha;izha;
ditakedown;diturunkan;
dikatakatain;dikatakan;
pph;pajak;
speak;bicara;
farming;pertanian;
qjika;tidak diketahui;
beranibersuara;berani bersuara;
lpg;lpg;
kesirapeduliindonesia;kesira peduli indonesia;
tembakaumari;tembakau mari;
rpm;putaran;
buruhdesakanies;buruh desak anies;
pbb;pergabungan;
brodi;brother;
retweet;retweet;
montakadaetika;montak ada etika;
upper;atas;
gunungmas;gunung mas;
nyinyiers;tidak diketahui;
harjin;harjin;
detikpemilu;detik pemilu;
mmgnya;memangnya;
rahmadi;rahmadi;
kajitow;kajitow;
larismi;larismi;
tolakradikalisme;tolak radikalisme;
semanamena;semena-mena;
titipkankerukunan;titipkan kerukunan;
istimwa;istimewa;
bersamaprabowogibran;bersama prabowo gibran;
mulyanto;mulyanto;
indonesiajnc;indonesia;
omnibuslaw;omnibus law;
managemen;manajemen;
rakyatnyaganjar;rakyat ganjar;
aprsiasi;apresiasi;
gengpastipasti;geng pasti-pasti;
timtiganjar;tim-tim ganjar;
nahdlatul;nahdlatul;
commitment;komitmen;
kemaknuran;kemakmuran;
aseanchina;asean china;
love;cinta;
possibilities;kemungkinan;
bangprabowo;bang prabowo;
negaranegara;negara-negara;
jangung;jagung;
supporters;pendukung;
henyak;henyak;
telegroup;grup telegram;
nyentil;sentil;
birthday;ulangtahun;
rminan;cerminan;
sebaliknyajgn;sebaliknya jangan;
kesiasiaan;kesia-siaan;
selvi;selvi;
ende;tidak diketahui;
kinerjabukanomonomon;kinerja bukan berbicara saja;
tanahprabowo;tanah prabowo;
walk;jalan;
mauritania;mauritania;
nature;alam;
speaker;pengeras suara;
fahri;fahri;
rocked;rocked;
brunya;barunya;
maks;maksimum;
kokam;kokam;
darihati;dari hati;
ngong;ngong;
mukulin;pukul;
ditingkatin;ditingkatkan;
airframe;rangka;
peribm;tidak diketahui;
uktkampus;untuk kampus;
millenial;milenial;
temanteman;teman-teman;
transum;transportasi umu;
sajatp;tidak diketahui;
ampsikat;tidak diketahui;
diseriusin;diseriuskan;
rifan;rifan;
kitamasbowo;kita mas prabowo;
alutista;alutista;
coblospks;coblos pks;
gaspollll;gaspol;
ideas;ide;
lactose;laktosa;
berbondongbondong;berkumpul;
kekurangankekurangan;kekurangan;
couldve;mungkin;
denpasar;denpasar;
napoleon;napoleon;
under;tidak;
imformasi;informasi;
mdmahfudrebound;mdmahfudrebound;
wedyodiningrat;wedyodiningrat;
lives;hidup;
persawahannasinya;persawahan;
aniesisasi;tidak diketahui;
menhanmu;menteri pertahanan ;
puaspuasin;puas-puasin;
rembangdoakan;rembang doakan;
bobby;bobby;
mengatakansaya;mengatakan saya;
integrated;integrated;
kodam;kodam;
najib;najib;
handphone;handphone;
sekalimantan;se-kalimantan;
wilayahwilayah;wilayah;
ekatalog;e-katalog;
sayaitu;saya itu;
financial;finansial;
hesti;henny;
kiki;kiki;
horribly;mengerikan;
dander;kulit;
wewenangnya;otoritasnya;
henny;henny;
berkelanjutanjnk;berkelanjutan;
banyumas;banyumas;
gibranrakabuming;gibran rakabuming;
tempovideo;tempo video;
cawapresilegal;calon wakil presiden ilegal;
presidentsampaikan;presiden sampaikan;
jagapertanian;pertanian;
praktikpraktik;praktik;
sesungguhnyapolitikperubahan;sesungguhnya politik perubahan;
tembakauayo;tembakau ayo;
gemoy;gemoy;
penerimaharapan;penerima harapan;
podcasttempo;podcast tempo;
mengagunhkan;mengagumkan;
each;each;
narsistik;narsistik;
elektoral;elektoral;
airacara;airacara;
sosioekonomi;sosial ekonomi;
duma;duma;
ijtima;tidak diketahui;
sung;tidak diketahui;
goblokgoblokin;goblok goblokin;
frigate;frigate;
gbranpasti;gibran pasti;
ngehajar;mengajar;
dipungkiri;ditolong;
membully;bullying;
geri;tidak diketahui;
ngajabarkeun;mengajar;
dimintameminta;minta;
controversial;kontroversial;
santrimasadepanganjarpranowopilihanumat;santri masa depan ganjar pranowo pilihan umat;
lcs;lcs;
ishikawa;ishikawa;
ecommerce;perdagangan elektronik;
mention;sebutkan;
mataram;mataram;
japri;privasi;
subiantogibran;prabowo gibran;
prabowogibran;prabowo gibran;
sampoerna;sampoerna;
pngalaman;pengalaman;
malesmalesan;malas;
golden;emas;
mdganjarmahfudrebound;ganjar mahfud rebound;
ipbjnk;ipbjnk;
port;pelabuhan;
approach;pendekatan;
yanh;yang;
nakes;perawat;
angkaangka;angka-angka;
misibanggaganjarpranowopilihanumat;misi bangga ganjar pranowo pilihan umat;
gpk;gpk;
satpolpp;satpol pp;
dianggep;dianggap;
siroj;siroj;nama orang
kantongkantong;kantong-kantong;
debatcapresketiga;debat calon presiden ketiga;
rumitganjarpranowopilihanumat;rumit ganjar pranowo pilihan umat;
play;mainkan;
anishektar;tidak diketahui;
antam;antam;
socrates;socrates;
adapak;tidak diketahui;
head;kepala;
oposisicerdas;oposisi cerdas;
encountered;ditemui;
macchiato;macchiato;
anakanakku;anakanku;
generation;generasi;
have;memiliki;
permasalahanpermasalahan;masalah;
savesrimulyani;save sri mulyani;
sejawa;sejawab;
kpps;kpps;
xyzmil;xyzmil;
mapenduma;mapenduma;
pamekasan;pamekasan;
rezimperusaklingkungan;rezim perusak lingkungan;
aniesbubble;anies bubble;
prabowogibranistimewa;prabowo gibran istimewa;
nairn;nairn;
mengendorse;mendorong;
bermanismanis;bermanis-manis;
maumemilih;memilih;
kpuberjamaahjegalanies;komisi pemilihan umum berjamaan cegah anies;
mahendra;mahendra;
mejobo;mejobo;
pertahananri;pertahanan;
occupied;ditempati;
lost;hilang;
guruguru;guru-guru;
sejakarta;se-jakarta;
purapura;pura-pura;
sosokcapresnomor;sosok calon presiden nomor;
ngarso;ngarso;
joko;jokowi;
mahfumd;tidak diketahui;
porno;porno;
mentwit;ngetweet;
thing;thing;
sirait;sirait;
memastikanditps;memastikan di tempat pemilihan suara;
konkretseperti;konkret seperti;
nggandeng;menggandeng;
sorryyeaniesterbaik;sorry ya anies terbaik;
agriculture;pertanian;
ksad;ksad;
place;tempat;
greenpeace;hijau damai;
alfaridzys;alfaridzys;
pembanguan;pembangunan;
dukungprabowocoblosanies;dukung prabowo coblos anies;
payment;pembayaran;
communities;komunitas;
lauik;lauik;
tentunua;tentunya;
psbb;pembatasan sosial berskala besar;
satriopiningit;satrio piningit;
aniespresiden;anies presiden;
she;dia;
pandora;pandora;
komarudin;komarudin;
store;toko;
ganjarmahfudnews;ganjar mahfud news;
anehaneh;aneh-aneh;
mahfudrelawan;mahfud relawan;
sukabumi;sukabumi;
other;other;
makah;mekah;
pertimbanganpertimbangan;pertimbangan;
diakuakui;diketahui;
zulhendra;zulhendra;
said;said;
berandaiandai;imajinasi;
pekanbaru;pekanbaru;
bertnya;bertanya;
batch;tidak diketahui;
alkathiri;alkathiri;
nelson;nelson;
majuganjarmahfudrebound;maju ganjar mahfud;
rusunnya;rusunnya;
contentoffset;content offset;
oneliner;one liner;
realitanya;kenyataannya;
ganjarmahfudmnangdebat;ganjar mahfud menang debat;
istorasenayan;revisi;
jogyakarta;yogyakarta;
hinacela;hina cela;
aniestakterbendung;anies tak terbendung;
baikorcag;baikorcag;
konsumi;konsumsi;
merregulasi;meregulasi;
ariansyah;ariansyah;
menjarain;memenjarakan;
aniez;anies;
bagaskoro;bagaskoro;
sengkuni;sengkuni;
nugroho;nugroho;
djalil;djalil;
rameramepindahke;rame-rame pindah ke;
perubahanmomen;perubahan momen;
itstime;sekarang;
valuesbased;values based;
ketmu;temu;
harder;lebih;
buzzerp;buzzerp;
buruburu;segera;
tolakcaprestantrum;tolak calon presiden tantrum;
tiktoknya;tiktoknya;
aanisfauzana;aanisfauzana;
berstatmen;ngomong;
vellia;vellia ;
mahfudganjar;mahfud ganjar;
akhlakless;tidak berakhlak;
tembakaudukungan;tembakau dukungan;
projectnya;proyeknya;
ramli;ramli;
alpahankam;alat pertahanan keamanan;
ramairamai;ramai;
launching;peluncuran;
airlanggacenter;ailangga center;
kaitin;kaitkan;
amanda;amanda;
gagasantunjukan;gagas tunjukkan;
junjangan;junjungan;
netizens;warganet;
aomkmkmkmk;wkwk;
baiklahsaya;baiklah saya;
selatanselatan;selatan;
kalselgemoy;kalselgemoy;
jusuf;jusuf;
gaspoll;gaspol;
baikbaik;baik;
awokwok;ketawa;
outlier;outlier;
ndasmu;ndasmu;
nyeletuk;nyeletuk;
fell;jatuh;
siprianus;siprianus;
znf;tidak diketahui;
danatau;dan atau;
nakesdesakanies;tenaga kesehatan desak anies;
prbawo;prabowo;
dream;mimpi;
itay;itay;
pancasilaganjarmahfudrebound;pancasila;
disclaimer;penyangkalan;
mdaalah;masalah;
mirrage;mirage;
youtubenya;youtubenya;
regress;regress;
lemecsh;tidak diketahui;
googling;mencari;
distrust;tidakpercaya;
adilampmakmur;adil dan makmur;
bencipadahal;benci padahal;
ghufron;ghufron;
courageous;berani;
tppu;tppu;
komennya;komentarnya;
warning;peringatan;
ganjarmahfudsatset;ganjar mahfud satset;
desakaniessamarinda;desak anies;
wilfrida;wilfrida;
simple;sederhana;
industrial;industri;
balikpapan;balikpapan;
tauga;tau ga;
kitajnk;tidak diketahui;
bliau;beliau;
ponorogo;ponorogo;
pemiluindonesia;pemilihan umum indonesia;
lainkagak;lain ga;
whom;siapa;
resources;sumber;
padamunegeri;padamu negeri;
eee;tidak diketahui;
boomers;boomers;
maumenuju;menuju;
mocking;mengejek;
ijinnya;izinnya;
isuisu;isu-isu;
mmegang;mengang;
debatcaprescawapres;debat calon presiden calon wakil presiden;
trsorgorgpercaya;terus orang-orang percaya;
taqdir;prediksi;
vdeo;video;
frequently;seringkali;
alkes;alat kesehatan;
mnunjang;mendukung;
mualem;mualem;
febuari;februari;
tebet;tebet;
rafael;rafale;
tknnya;tim kampanyenya;
pribadiklo;tidak diketahui;
gantisamaganjar;ganti sama ganjar;
gibranpenerusjokowi;gibran penerus jokowi;
perlunyanya;perlunya;
irwanka;irwanka;
atambua;atambua;
redefine;redefine;
kemudia;kemudian;
tentornya;tentornya;
prabowopresiden;prabowo presiden;
waaaah;wah;
makasihnya;terima-kasih;
milenial;milennial;
esport;esports;
miskingak;miskin gak;
perubahansungguh;perubahan;
kapalkemudian;kapal;
sahabatganjar;sahabat ganjar;
fex;fex;
benernya;benernya;
kayagitu;kaya gitu;
tempoheadliner;tempo headliner;
tulodo;tulodo;
innovations;inovasi;
transportas;transportasi;
sadly;sadly;
menggebugebu;menggebu-gebu;
zulhas;zulhas;
garwaistri;garwaistri;
ganjarmahfudrebound;ganjar mahfud rebound;
novanto;novanto;
extrimists;ekstrimis;
salamaklamasi;tidak diketahui;
melting;melting;
lanjutgan;lanjut gan;
israelpun;israel pun;
debate;perdebatan;
menterimenteri;menteri-menteri;
jabarin;jelaskan;
offline;offline;
pahitmanisalwayswithanies;tidak diketahui;
madura;madura;
satutigatambahkita;tidak diketahui;
iwan;tidak diketahui;
zubir;tidak diketahui;
mndorong;mendorong;
theres;tidak;
gimminc;gimik;
masadepan;masa depan;
rakyatnyaganjarpranowopilihanumat;rakyat ganjar pranowo pilihan umat;
supporting;mendukung;
comsec;comsec;
akuntabel;bertanggungjawab;
swro;swro;
millenialsgen;millenials gen;
munir;munir;
besak;besak;
dedi;dedi;
ettitiptoleransi;titip toleransi;
restoratif;restoratif;
jujurdari;jujur dari;
kalimantan;kalimantan;
masalahnyaseperti;masalahnya sepertinya;
hybedivestfromzionism;tidak diketahui;
multietnis;beragam-etnis;
sandwich;tumpengan;
faktabaruprabowo;fakta baru prabowo;
kpopers;penggemar-kpop;
mangkraknya;mangkraknya;
pantasss;pantas;
call;telpon;
diswap;ditukar;
birahishame;birahi shame;
membenani;membebani;
uncontrolled;uncontrolled;
champion;juara;
soik;soik;
osco;osco;
xkjacglq;tidak diketahui;
many;banyak;
mydemonep;tidak diketahui;
meritokrasi;meritokrasi;
pinguin;pinguin;
makkah;mekah;
indahanies;indah anies;
rafale;rafale;
fxnhwomm;tidak diketahui;
pkpu;pkpu;
mesrah;mesra;
fanart;seni-fans;
none;none;
polisitni;polisi tni;
thp;terhadap;
bertauntaun;bertahun-tahun;
rich;kaya;
score;skor;
better;lebih;
cocaptain;cocaptain;
industripertahananbelaprabowo;industri pertahanan bela prabowo;
matori;matori;
gopay;metode;
eaaa;tidak diketahui;
ganjarpresidenrakyat;ganjar presiden rakyat;
picara;bicara;
ozil;ozil;
putihsat;tidak diketahui;
fandom;fandom;
gemoysamsul;gemoy samsul;
modalin;modalin;
haechan;haechan;
digasnir;tidak diketahui;
ganjarmahmud;ganjar mahfud;
objective;objektif;
untukbangsa;untuk bangsa;
asnawi;asnawi;
undangundang;undang-undang;
mrp;mrp;
syaikhona;syaikhona;
quantum;kuantum;
sirkular;sirkuler;
dangbran;tidak diketahui;
diplomasiprogresifprabowo;diplomasi progresif prabowo;
thalib;thalib;
ideide;ide-ide;
rating;peringkat;
marsda;marsda;
rumahpilih;rumah pilih;
come;datang;
samirin;samirin;
bone;tulang;
tagner;tagner;
ptn;perguruan tinggi negeri;
kuto;kuto;
gurukalo;guru kalau;
berkelanjutandki;berkelanjutan;
joni;joni;
government;pemerintah;
srek;suka;
ganjarmerawatpancasila;ganjar merawat pancasila;
honorerdapat;honorer dapat;
ketikadiserang;ketika diserang;
prmp;tidak diketahui;
everything;semua;
investasiganjarmahfudrebound;investasi ganjar mahfud rebound;
gblok;goblok;
clothe;pakaian;
dinotice;dinotice;
kepentinagn;kepentingan;
integrator;integrator;
mrek;merek;
corruption;korupsi;
sustainability;keberlanjutan;
pabrikpabrik;pabrik;
bastardo;bastard;
incoming;masuk;
ganjartanamperubahan;ganjar tanam perubahan;
ormek;organisasi mahasiswa ekstra kampus;
qobulkan;terima;
gunshop;gunshop;
dehjnk;tidak diketahui;
nambal;menambal;
sptbnwo;tidak diketahui;
ngadunya;ngadunya;
hair;hair;
visimisidan;visi misi dan;
fatherless;fatherless;
kpoppers;kpopers;
sutiyoso;sutiyoso;
anissukamembual;anies suka membual;
solusisolusi;solusi;
yess;yes;
makinbanyakyg;makin banyak yang;
korupsiganjarmahfudrebound;korupsi ganjar mahfud rebound;
tags;tags;
jejknya;jejaknya;
pupukganjarmahfudrebound;pupuk ganjar mahfud rebound;
benarbenar;benar-benar;
ketidakpastian;keditakpastian;
legendnya;legenda;
palestinanambah;palestina nambah;
sosiakisasi;sosialisasi;
likes;suka;
felix;felix;
treat;perawatan;
setinggitingginya;sebesar-besaranya;
etikaketika;etika ketika;
ngeriiii;menyeramkan;
indeed;benar;
paloh;palor;
football;sepakbola;
seharihari;sehari-hari;
komentarkomentar;komentar;
hastokristiyanto;hastokristiyanto;
dibwakan;dibawakan;
datanesia;datanesia;
sianipar;sianipar;
katakatamu;kata katamu;
papuaaa;papua;
standard;standard;
reached;mencapai;
connection;koneksi;
tenga;tengah;
perbsiki;perbaiki;
nanem;menanam;
samasama;sama-sama;
unhan;unhan;
janjiin;janjikan;
nyowo;nyowo;
viralcilincing;viral cilincing;
kerjabrsama;kerjasama;
freak;freak;
rakyatjnkap;tidak diketahui;
sigit;sigit;
jabartetappakbowo;jabar tetap prabowo;
kalahkancaprespenculik;kalah calon presiden penculik;
paslonpaslon;pasangan calon;
pelanggarham;pelanggar hak asasi manusia;
rawr;tidak diketahui;
prepare;siapkan;
takterbendung;tidak tertahankan;
gmganjarmahfud;ganjar mahfud;
abraham;abraham;
boythohir;boy thohir;
genocide;pembunuhan massa;
diterimadipahami;diterima dipahami;
ngerakyat;mengaruhkan;
siduarjo;siduarjo;
puncakpuncak;puncak puncak;
jason;jason;
msn;tidak diketahui;
reach;mencapai;
anre;anre;
urgent;penting;
pilihprabowogibran;pilih prabowo gibran;
fear;takut;
intimidatif;menyusutkan;
pressoekarno;press soekarno;
merekajnk;mereka;
topuksi;tidak diketahui;
erah;tidak diketahui;cari dulu ngabs
berubahubah;berubah-ubah;
mngoreksi;mengoreksi;
gandhi;gandhi;
rebound;pantulan;
pilkadapilpres;pilkada pilpres;
rstmbcl;tidak diketahui;
called;dipanggil;
nelayansolusinyata;nelayan;
gurbernur;gubernur;
world;dunia;
ceo;bos;
medeklair;tidak diketahui;
yespasti;yes pasti;
wonosalam;wonosalam;
these;ini;
kdaulatan;kedaulatan;
sadayana;semuanya;
rhomais;rhomais;
mnangkan;menangkan;
jayate;jayate;
ganjarrempang;ganjar rempang;
antarmoda;antarmoda;
ruhimat;ruhimat;
jaklingkoanies;jaklingko anies;
gaskeun;gas aja;
from;dari;
ketrigger;terpancing;
kampanyekreatif;kampanye kreatif;
bisnismau;bisnis mau;
antoni;antoni;
kirig;kirig;
truth;kebenaran;
dijelasin;dijelasin;
gesture;gerakan;
ygy;ygy;
hendro;hendro;
sustainable;berkelanjutan;
invoice;faktur;
internetselalu;internet selalu;
terusterusan;terus-menerus;
tabrakprof;tabrakprof;
febaniespresidenri;anies presiden ri;
mbagi;bagi;
nababan;nababan;
komersil;komersial;
gapercaya;tidakpercaya;
jalurkeretaamin;jalurkeretaapi;
cyber;siber;
mejwb;menjawab;
your;your;
link;tautan;
negeripbb;negeri pbb;
cerahjnwc;tidak diketahui;
eternity;kekalan;
dibaiayai;dibiayai;
survey;penelitian;
ditolakorgpapuadll;ditolak orang papua;
david;david;
abrisatu;abri satu;
base;dasar;
diponegoro;diponegoro;
quick;cepat;
banner;spanduk;
angandaran;pangandaran;
guardian;penjaga;
felt;diucapkan;
sebira;sebira;
jurdilinsyaallah;jujur adil insyallah;
mindset;pikiran;
fanartanies;fanart anies;
nyemangatin;menghangatkan;
diskursus;diskursus;
cipari;cipari;
milestone;batas;
mlinjo;mlinjo;
grace;grasi;
influence;pengaruh;
programunggulanganjar;program unggulan ganjar;
sahabatmualem;sahabat mualem;
dipertimbankan;dipertimbangkan;
karyakarya;karya;
pesanuntukabah;pesan untuk kabah;
presideng;presiden;
tamilbilang;tamil bilang;
kolabora;kolaborasi;
yakalo;masa;
baruganjarmahfudrebound;baru ganjar mahfud rebound;
sasageyo;sasageyo;
varziimvp;varziimvp;
website;situs;
pendukungrelawan;pendukung;
sedangkankan;sedangkan;
just;just;
kompascom;kompas.com;
times;waktu;
nelayankebebasan;nelayan kebebasan;
until;sampai;
ngerantau;migrasi;
operasiribu;tidak diketahui;
ramahganjarmahfudrebound;ramah ganjar mahfud rebound;
klotekan;klotekan;
korantempodigital;koran tempo digital;
pulkam;pulang kampung;
pemimimpin;pemimpin;
earlier;sebelumnya;
qowi;tidak diketahui;
icebsd;tidak diketahui;
demonization;demonisasi;
booming;meledak;
panislamisme;pan islamisme;
kuatganjarmahfudrebound;kuat ganjar mahfud rebound;
debatanies;debat anies;
majalahtempo;majalah tempo;
minangkabau;minangkabau;
drone;drone;
wahfiudin;wahfiudin;
emma;emma;
salawatan;salawatan;
oligark;oligarki;
akhirnyaaaaa;akhirnya;
dramatisir;dramatisasi;
grassroot;akar;
barakallah;terima kasih;
jakhabitat;jakhabitat;
sekolahsekolah;sekolah-sekolah;
island;pulau;
diposting;dipasang;
ganjarpahlawanrakyat;ganjar pahlawan rakyat;
kitatetap;tetap;
jccnetwork;tidak diketahui;
harganyabahkan;harganya bahkan;
ngeblank;tidak diketahui;
pemersatubangsa;pemersatu bangsa;
dimoderenisasi;modernisasi;
plihan;pilihan;
fastest;tercepat;
baasyir;baasyir;
oxford;oxford;
ndase;tidak diketahui;
paramadina;universitas paramadina;
aware;tidak diketahui;
panggah;tetap;
bpjstk;bpjs ketengakerjaan;
sebelumnyajna;sebelumnya;
bowok;prabowo;
usiagenerasi;usia generasi;
caramel;karamel;
capresdi;tidak diketahui;
desadesa;desa desa;
masyarakatganjarmahfudrebound;masyarakat ganjar mahfud rebound;
munculfenomenapakbowo;muncul fenomena prabowo;
kapabilitas;kemampuan;
pledoinya;permohonannya;
ainun;ainun;
ragunan;ragunan;
gerindajateng;gerindra;
kitaselaluada;kami selalu ada;
aniesdeservesbetter;anies deserves better;
adwinka;adwinka;
standaretika;standard etika;
aniesndstage;tidak diketahui;
loronglorong;lorong-lorong;
savicali;savicali;
nelayankuat;nelayan kuat;
during;selama;
pahampertahanannegara;paham pertahanan negara;
siapahargaitukangbaso;siapa hargai tukang bakso;
darhati;tidak diketahui;
mirage;mirage;
siagalawankecurangan;siaga lawan kecurangan;
jokowiprabowo;jokowi prabowo;
exact;eksak;
nelayansejahtera;nelayan sejahtera;
ganjarmahfudpilihanrakyat;ganjar mahfud pilihan umat;
seda;sedang;
choices;pilihan;
khofifahperkuat;khofifah perkuat;
demak;demak;
entertaining;menyenangkan;
tonight;malam;
berbulanbulan;berbulan-bulan;
foods;makanan;
baswaslu;badan pengawas pemilihan umum;
dicabutdibatalkan;dibatalkan;
dipermasalahinanies;dipermasalahin anies;
sentiment;sentimen;
kesehatanindonesiaraya;kesehatan indonesia;
strongly;strongly;
jawaposkawalpemilu;pemilihan umum;
anime;anime;
jokowipredatorreformasi;jokowi predator reformasi;
disebablan;disebablan;
tiadahenti;tiada henti;
syahganda;syahganda;
kiky;kiky;
smb;tidak diketahui;
julidfisabilillah;julid;
memainlan;memainkan;
aminpalingsiapuntukindonesia;amin paling siapapun untuk indonesia;
aurel;aurel;
hominem;hominem;
hour;jam;
achtung;perhatian;
solidganjarmahfudrebound;solid ganjar mahfud rebound;
been;telah;
debatin;debatkan;
baswedans;baswedan;
tiand;tidak diketahui;
kuasane;kuasanya;
menangkang;menangkan;
respect;hormat;
psgr;penumpang;
burning;terbakar;
tebaik;terbaik;
suplement;suplemen;
suhbrastha;suhbrastha;
transport;angkutan;
weeleh;tidak diketahui;
pksmenangamin;pks menang amin;
temantemanmu;teman-temanmu;
nonton;menonton;
sirkelnya;lingkaran;
letoy;lemas;
massif;besar;
hadirkn;hadirkan;
prabowoa;prabowo ;
adabless;tidak beradab;
qatar;qatar;
shinzou;shinzou;
ajatapi;tidak diketahui;
mobdin;mobil dinas;
cikarang;cikarang;
elkayeni;tidak diketahui;
then;kemudian;
berjoged;berjalan;
morningg;pagi;
pemujay;tidak diketahui;
tegaklurusbersamajokowi;tegak lurus bersama jokowi;
sianies;anies baswedan;
saudarasaudaranya;saudara-saudara;
jakar;jakarta;
least;terkecil;
tiongkok;china;
santriwansantriwati;santriwan santriwati;
semarahmarahnya;semarah-marahnya;
securty;keamanan;
qualities;kualitas;
tulungagung;tulungagung;
anakanak;anak-anak;
halhal;hal-hal;
yusril;yusril;
promo;promosi;
jnkjnb;tidak diketahui;
aktivitasfisik;aktivitas fisik;
hpk;hari pertama kelahiran;
seems;sepertinya;
disumaterakokoh;di sumatera kokoh;
berkarir;berkarir;
aalamiin;tidak diketahui;
stability;stabilitas;
parengan;pasangan;
plate;piring;
palestina;palestina;
jong;tidak diketahui;
samsulkuburannyajokowi;samsul kuburannya jokowi;
palestinians;palestina;
artist;seniman;
pribadiemg;pribadi emang;
omongomong;omong omong;
pemelihan;pemilihan;
prabowigibran;prabowo gibran;
ngomongngomong;bicarabicara;
septian;tidak diketahui;
think;pikirkan;
break;putus;
tetapsabar;tetap sabar;
ngapusimboten;tidak diketahui;
aniesterpelajar;anies terpelajar;
twit;tweet;
leader;pemimpin;
kerenorqae;tidak diketahui;
pembebesan;pembebasan;
ngejalanin;menjalankan;
mandela;tidak diketahui;
ctoiwyizw;tidak diketahui;
cariberitaditvone;cari berita di tvone;
adalagi;ada lagi;
valuenya;nilainya;
gimmick;bercanda;
faizalassegaf;faizalassegaf;
hubungn;hubungan;
dedy;dedy;
supriatna;supriatna;
dimksd;dimaksud;
palingtepat;paling tepat;
anganangan;angan-angan;
cetaaaarrrr;tidak diketahui;
sudaryono;sudaryono;
dijagajnk;tidak diketahui;
association;asosiasi;
gelanggan;pelanggan;
tpnganjarmahfud;tpn ganjar mahfud;
jerusalem;jerusalem;
dukungnnyaberalaih;dukungannya beralih;
ngecakcakin;menghina;
dihadang;dihadang;
kiev;kiev;
forkopinda;forum koordinasi pimpinan daerah;
apdesi;apdesi;
brtanggung;bertanggung;
rustriningsih;tidak diketahui;
jkwdo;jokowi;
harihari;hari;
neutrality;netralitas;
sahsah;tidak diketahui;
contract;kontrak;
